Japan,2022-01-21,161301
Argentina,2022-01-16,388130
Burundi,2022-01-24,62
Grenada,2022-01-07,175
Nepal,2022-01-23,212388
Barbados,2022-02-16,147
Vanuatu,2022-01-23,736
United Kingdom,2022-02-08,71088
Oceania,2022-02-02,270826
Cyprus,2022-01-08,3393
Faeroe Islands,2022-02-18,26
El Salvador,2022-02-02,7979
Zambia,2022-02-10,15980
Guinea-Bissau,2022-02-02,1972
Greece,2022-01-12,69445
Bermuda,2022-02-15,132
Netherlands,2022-02-10,23112
United Arab Emirates,2022-01-13,29969
Bolivia,2022-01-24,45186
United Arab Emirates,2022-02-02,29060
Cook Islands,2022-01-03,14
Armenia,2022-01-20,9347
Saint Vincent and the Grenadines,2022-01-29,114
Sri Lanka,2022-02-16,48718
Saint Vincent and the Grenadines,2022-02-14,89
Burundi,2022-01-25,62
Yemen,2022-01-30,2671
Guyana,2022-01-26,2009
Malawi,2022-02-15,2910
Haiti,2022-01-12,251
Hungary,2022-02-16,
Uruguay,2022-02-10,8897
Chad,2022-01-08,2544
Djibouti,2022-02-02,325
Yemen,2022-01-10,1926
United Arab Emirates,2022-01-07,28709
Costa Rica,2022-01-20,15281
Uzbekistan,2022-01-11,97860
San Marino,2022-01-10,145
Cote d'Ivoire,2022-01-23,10875
Malta,2022-01-23,3471
Panama,2022-01-06,15074
Kiribati,2022-02-02,330
Cape Verde,2022-01-17,2869
Macao,2022-01-16,2630
North America,2022-01-04,1676046
Lithuania,2022-01-03,12346
Bhutan,2022-01-28,13255
Albania,2022-01-03,5727
Solomon Islands,2022-01-27,1124
Liechtenstein,2022-01-15,319
Panama,2022-02-13,13541
Libya,2022-02-17,
Indonesia,2022-01-14,1252137
Bolivia,2022-02-05,35357
Libya,2022-02-09,9384
Hungary,2022-01-08,21208
South America,2022-02-10,2211691
Fiji,2022-01-22,173
Botswana,2022-02-17,
Malaysia,2022-01-16,224011
Belarus,2022-01-04,58856
Ecuador,2022-01-21,85846
Belize,2022-02-04,612
Haiti,2022-01-27,1878
Andorra,2022-01-02,865
Faeroe Islands,2022-01-18,137
Greece,2022-01-21,66656
European Union,2022-02-10,1228383
Barbados,2022-02-17,151
New Caledonia,2022-02-03,136
Germany,2022-01-07,516590
High income,2022-02-19,2815396
Guernsey,2022-01-01,1747
Malta,2022-01-05,6603
Poland,2022-01-29,123521
Armenia,2022-02-07,4483
Curacao,2022-02-17,134
Jordan,2022-01-25,19468
Estonia,2022-02-11,1337
Samoa,2022-01-13,81
Ukraine,2022-02-11,57975
Belize,2022-02-08,539
Suriname,2022-01-01,269
Portugal,2022-02-04,74742
Australia,2022-01-20,281928
Jordan,2022-01-01,28561
Lebanon,2022-01-24,11977
Hong Kong,2022-01-19,38241
South Africa,2022-01-29,62175
Moldova,2022-01-08,2926
Oceania,2022-02-16,202966
Syria,2022-02-08,2829
Singapore,2022-01-18,42687
Taiwan,2022-02-14,249437
Italy,2022-02-10,280396
Italy,2022-01-18,641968
Bermuda,2022-01-08,183
Lebanon,2022-02-06,10771
Haiti,2022-02-02,1422
Bulgaria,2022-02-16,4781
Seychelles,2022-01-02,251
Panama,2022-02-07,14637
Panama,2022-01-12,23401
Ireland,2022-02-17,7504
Ghana,2022-01-24,84487
Indonesia,2022-01-11,1252137
Israel,2022-02-12,6478
Netherlands,2022-01-06,260605
Eswatini,2022-02-06,1211
Cook Islands,2022-02-09,6
Djibouti,2022-01-28,588
Pakistan,2022-01-01,1192370
Moldova,2022-01-17,6153
Canada,2022-02-03,210373
Poland,2022-01-21,162504
Ethiopia,2022-02-17,306785
Qatar,2022-01-31,28240
France,2022-01-31,249932
Low income,2022-02-03,375407
Hungary,2022-02-15,
Eswatini,2022-01-27,2314
United Kingdom,2022-02-06,74361
El Salvador,2022-01-02,7379
Bosnia and Herzegovina,2022-01-15,4315
Poland,2022-02-03,105899
Turks and Caicos Islands,2022-01-03,122
Seychelles,2022-01-10,347
Guernsey,2022-01-14,220
Jamaica,2022-01-07,3164
Greenland,2022-01-20,52
Costa Rica,2022-01-09,19245
Czechia,2022-01-18,59149
Dominican Republic,2022-01-30,34695
Benin,2022-01-15,16074
England,2022-01-02,240334
Croatia,2022-02-10,4385
Northern Ireland,2022-01-08,6921
Somalia,2022-01-28,1578
Vanuatu,2022-02-04,399
Portugal,2022-02-05,73875
Aruba,2022-01-03,55
Macao,2022-01-15,2599
Syria,2022-01-01,90157
Ecuador,2022-01-17,108378
Ireland,2022-01-10,32167
High income,2022-01-20,5998994
Finland,2022-01-19,26015
Macao,2022-01-23,2592
Anguilla,2022-01-07,21
Hungary,2022-01-09,23380
El Salvador,2022-01-06,8682
Venezuela,2022-01-20,126261
Belize,2022-02-03,637
Germany,2022-02-18,137003
Yemen,2022-01-11,1926
Bermuda,2022-01-19,66
China,2022-01-31,3867571
Saudi Arabia,2022-01-14,189615
Bahrain,2022-01-14,4997
South Africa,2022-01-14,83984
Antigua and Barbuda,2022-01-20,103
Bosnia and Herzegovina,2022-01-22,4315
Guinea,2022-01-28,14292
Equatorial Guinea,2022-01-03,49
Laos,2022-01-26,48048
Fiji,2022-02-10,279
Equatorial Guinea,2022-01-02,49
Timor,2022-01-03,1006
Andorra,2022-01-13,865
China,2022-02-15,5835286
Gambia,2022-01-08,2299
Haiti,2022-02-05,695
World,2022-02-10,20955083
England,2022-01-31,79613
North Macedonia,2022-01-03,1615
Ethiopia,2022-01-02,11958
Saint Lucia,2022-01-22,113
Venezuela,2022-01-06,126261
Curacao,2022-02-12,152
Germany,2022-02-13,188527
Libya,2022-02-05,10660
Anguilla,2022-01-25,29
Africa,2022-02-04,1067655
Niger,2022-01-10,18757
Ukraine,2022-02-08,59101
Albania,2022-01-31,11055
Comoros,2022-01-27,609
Guernsey,2022-01-02,1747
South Africa,2022-01-28,63546
Somalia,2022-02-01,1578
European Union,2022-01-11,3175246
Russia,2022-02-01,317496
Burundi,2022-01-06,41
Equatorial Guinea,2022-01-10,97
Hong Kong,2022-02-16,83056
Denmark,2022-01-29,13473
Guernsey,2022-01-19,63
North America,2022-02-05,1460463
Guinea-Bissau,2022-02-06,6205
Trinidad and Tobago,2022-01-17,2428
Slovenia,2022-02-03,3028
El Salvador,2022-02-15,6583
South Korea,2022-01-29,316722
Vietnam,2022-02-13,471957
Sri Lanka,2022-02-17,51998
Nigeria,2022-01-07,127885
Low income,2022-02-17,348188
Australia,2022-02-06,213000
Kenya,2022-02-05,201734
Dominican Republic,2022-01-24,17124
Nicaragua,2022-01-05,21715
United Arab Emirates,2022-01-01,27043
France,2022-01-02,380311
Cook Islands,2022-01-11,4
Moldova,2022-01-31,5661
Uganda,2022-01-12,47099
China,2022-02-18,5577857
Somalia,2022-01-14,5028
High income,2022-01-21,5828433
Jamaica,2022-02-07,2413
Saint Kitts and Nevis,2022-01-19,68
Africa,2022-02-02,1276222
Grenada,2022-01-10,181
Oman,2022-01-25,16068
High income,2022-01-27,4944355
Qatar,2022-02-08,21516
Trinidad and Tobago,2022-01-14,3204
Somalia,2022-01-31,1578
Cayman Islands,2022-01-25,152
Portugal,2022-01-01,46584
Romania,2022-01-28,16182
Syria,2022-01-12,4079
Oceania,2022-01-12,295763
Laos,2022-01-30,48048
Palestine,2022-01-15,861
Guernsey,2022-01-07,1086
Turks and Caicos Islands,2022-01-26,122
Jordan,2022-01-02,31823
Turks and Caicos Islands,2022-02-02,122
Estonia,2022-01-18,4431
Senegal,2022-01-01,459
Cook Islands,2022-01-18,4
San Marino,2022-02-06,46
Barbados,2022-01-04,169
Ethiopia,2022-02-01,344
Belarus,2022-01-22,55656
South Sudan,2022-01-03,810
Peru,2022-01-10,289644
Georgia,2022-01-27,7387
High income,2022-01-02,5096728
Japan,2022-02-16,751977
High income,2022-02-06,3594270
Low income,2022-01-02,1054308
Zimbabwe,2022-01-02,10592
Lebanon,2022-02-04,12967
Egypt,2022-02-03,277821
Barbados,2022-01-06,76
Vietnam,2022-01-07,1009135
Bermuda,2022-01-20,125
Taiwan,2022-02-06,35525
Singapore,2022-01-28,33336
Colombia,2022-01-02,140688
Kenya,2022-01-29,66314
Macao,2022-01-25,2606
Mozambique,2022-01-20,205259
Albania,2022-02-16,3746
Haiti,2022-01-02,523
Hong Kong,2022-02-18,85104
Georgia,2022-02-17,3310
Jersey,2022-01-08,535
Burundi,2022-02-17,
Canada,2022-02-12,126507
Guinea-Bissau,2022-01-18,162
Haiti,2022-01-31,1907
Bermuda,2022-01-29,493
Afghanistan,2022-01-31,11299
Mali,2022-01-27,
Bermuda,2022-01-24,401
Barbados,2022-02-19,132
Albania,2022-02-10,4178
Indonesia,2022-01-03,1528279
Jordan,2022-01-23,24809
Upper middle income,2022-01-06,10844077
Israel,2022-02-10,6639
Mali,2022-02-17,
Greenland,2022-02-03,6
Trinidad and Tobago,2022-02-06,1733
Grenada,2022-02-04,82
United Arab Emirates,2022-01-03,27043
French Polynesia,2022-01-28,217
Costa Rica,2022-01-17,18386
Brazil,2022-01-05,415631
Samoa,2022-02-07,401
Denmark,2022-01-11,47535
Romania,2022-02-08,12879
Croatia,2022-01-21,12666
Liechtenstein,2022-01-10,250
Namibia,2022-02-09,846
Netherlands,2022-01-13,194251
Georgia,2022-02-10,3715
Turks and Caicos Islands,2022-01-02,122
Lithuania,2022-01-06,12748
Cote d'Ivoire,2022-01-06,46003
Sweden,2022-02-09,47532
Kuwait,2022-01-03,14530
Venezuela,2022-01-03,126261
Cyprus,2022-01-07,3393
Thailand,2022-01-04,159623
Qatar,2022-02-07,23671
Eswatini,2022-01-25,2728
Liberia,2022-02-09,1580
Saint Kitts and Nevis,2022-02-04,80
Sao Tome and Principe,2022-01-04,384
South Sudan,2022-02-02,3848
Lebanon,2022-02-15,9466
Gibraltar,2022-01-24,121
North America,2022-01-28,2099582
Trinidad and Tobago,2022-01-28,1787
France,2022-01-05,413511
Wales,2022-01-05,14671
Myanmar,2022-01-11,162563
Ecuador,2022-02-08,62494
Benin,2022-01-29,14887
Malaysia,2022-01-08,200581
Afghanistan,2022-01-14,13458
Netherlands,2022-02-12,19594
Kyrgyzstan,2022-01-30,9892
Wales,2022-01-27,5794
Haiti,2022-01-30,2150
Afghanistan,2022-01-29,10550
Belarus,2022-01-10,40597
Kyrgyzstan,2022-01-13,7295
Sierra Leone,2022-01-11,1199
Oman,2022-01-04,11708
Senegal,2022-02-03,11939
Bangladesh,2022-02-19,1379994
Angola,2022-01-25,136353
Kenya,2022-01-26,64358
New Zealand,2022-02-19,42885
Eswatini,2022-01-11,1926
Canada,2022-01-07,291720
British Virgin Islands,2022-01-28,6
Iran,2022-02-15,302466
Haiti,2022-01-10,251
Iraq,2022-01-27,45702
Malawi,2022-02-11,1106
Cyprus,2022-02-10,2526
Japan,2022-01-07,139729
Portugal,2022-01-22,81743
Afghanistan,2022-02-06,12847
Zambia,2022-01-20,29776
Barbados,2022-02-09,152
Malta,2022-01-09,8191
Asia,2022-01-16,24759670
Wales,2022-01-03,19090
Mexico,2022-02-13,407567
Faeroe Islands,2022-02-07,50
South America,2022-01-13,2053924
Egypt,2022-01-21,276236
Gambia,2022-01-01,1878
Guyana,2022-01-23,1883
Cape Verde,2022-01-06,968
South America,2022-02-02,2833576
Chile,2022-02-07,54001
Rwanda,2022-01-15,127901
India,2022-02-12,4313445
Ukraine,2022-01-27,66779
Bahrain,2022-01-04,6296
Iraq,2022-01-13,55912
Israel,2022-02-19,4061
South America,2022-01-12,2026194
Kenya,2022-02-17,206556
Niger,2022-01-05,18757
Philippines,2022-02-02,361139
Greece,2022-02-03,44488
United Kingdom,2022-02-07,72494
Zambia,2022-02-03,13942
Canada,2022-01-28,260372
Isle of Man,2022-01-14,244
Czechia,2022-02-11,13693
Benin,2022-02-02,14887
Sudan,2022-01-28,72864
Singapore,2022-01-03,41223
Antigua and Barbuda,2022-01-30,55
Colombia,2022-01-01,140628
Samoa,2022-01-26,304
Wales,2022-02-11,3268
El Salvador,2022-01-07,9990
Italy,2022-01-05,465848
Zimbabwe,2022-01-28,10201
Ethiopia,2022-01-05,7417
Qatar,2022-01-26,25532
Oman,2022-01-23,15445
North Macedonia,2022-02-01,1082
Latvia,2022-01-27,5951
Kiribati,2022-01-11,1018
Czechia,2022-01-12,74635
Estonia,2022-02-18,1057
Ireland,2022-01-13,28464
New Caledonia,2022-02-13,149
Romania,2022-02-12,10096
Afghanistan,2022-02-12,14341
Croatia,2022-01-09,15170
India,2022-01-07,8103784
Low income,2022-02-04,272395
Ukraine,2022-02-13,58327
Malta,2022-02-16,1103
Somalia,2022-01-16,5028
Asia,2022-01-20,18661960
Low income,2022-02-13,349283
Mongolia,2022-01-24,4070
Lebanon,2022-01-21,13592
China,2022-02-03,1734857
Djibouti,2022-02-17,
Togo,2022-01-14,4854
Bosnia and Herzegovina,2022-01-06,4315
Albania,2022-01-29,5471
Russia,2022-01-12,292374
Nauru,2022-01-15,0
Saint Vincent and the Grenadines,2022-01-10,82
Philippines,2022-01-30,459031
Malaysia,2022-02-17,154533
Uganda,2022-01-14,31117
Switzerland,2022-01-28,29912
Niger,2022-01-28,972
Norway,2022-01-19,48339
Benin,2022-01-27,14887
World,2022-01-27,26273835
Somalia,2022-01-20,3057
Bermuda,2022-02-03,232
Zimbabwe,2022-01-05,12156
Finland,2022-02-08,39229
Samoa,2022-02-08,401
New Caledonia,2022-02-11,130
Guinea,2022-01-06,69204
Mexico,2022-01-15,565105
Haiti,2022-01-23,794
Greenland,2022-01-28,14
Belgium,2022-01-05,71139
Montenegro,2022-02-16,345
United States,2022-01-17,1021793
France,2022-01-20,410680
British Virgin Islands,2022-02-03,7
British Virgin Islands,2022-01-05,11
Bhutan,2022-01-25,25601
Yemen,2022-01-05,1926
Belgium,2022-02-05,31445
Lithuania,2022-01-26,6018
Qatar,2022-01-05,8285
Slovenia,2022-01-05,4342
Sierra Leone,2022-01-03,1199
Upper middle income,2022-02-09,6811302
Liechtenstein,2022-01-17,304
Slovakia,2022-02-08,4056
Maldives,2022-02-02,2918
Bahrain,2022-01-06,5713
Switzerland,2022-01-26,35520
Tonga,2022-01-15,128
Curacao,2022-01-13,1210
Libya,2022-01-05,9635
Tonga,2022-01-08,299
Cambodia,2022-02-12,53567
Eswatini,2022-01-02,746
Bolivia,2022-01-13,80795
Guinea,2022-02-06,2802
Belgium,2022-02-17,31034
Gibraltar,2022-01-22,118
Cyprus,2022-01-15,5725
Paraguay,2022-01-01,30476
India,2022-02-09,4713271
France,2022-01-12,606194
Antigua and Barbuda,2022-01-18,106
Central African Republic,2022-01-21,2825
Burundi,2022-01-15,47
Belize,2022-01-11,616
Iceland,2022-01-29,1906
United Kingdom,2022-02-09,69509
Grenada,2022-02-05,79
Croatia,2022-01-10,15253
Algeria,2022-01-02,22589
India,2022-01-18,5452050
Switzerland,2022-02-13,10871
Philippines,2022-01-12,772688
Palestine,2022-01-02,3958
Sri Lanka,2022-02-14,54082
Tunisia,2022-02-09,6550
Venezuela,2022-01-10,126261
Ethiopia,2022-01-24,1012
South Sudan,2022-01-29,2910
Hungary,2022-01-16,26242
Oman,2022-01-27,16068
United States,2022-02-09,446524
Maldives,2022-01-01,442
Burundi,2022-01-22,62
Samoa,2022-02-10,401
Uzbekistan,2022-01-16,50667
Australia,2022-01-13,261844
United Arab Emirates,2022-02-18,20752
Kosovo,2022-01-02,1443
Sri Lanka,2022-01-25,66585
Lower middle income,2022-01-27,11280811
Cote d'Ivoire,2022-02-10,65578
Montenegro,2022-01-15,835
Zambia,2022-02-18,16670
Bahamas,2022-02-11,322
Sri Lanka,2022-02-03,99917
Greece,2022-01-22,64778
Oman,2022-01-06,11708
Anguilla,2022-02-10,21
Lower middle income,2022-01-15,18372057
Serbia,2022-01-30,3791
Gabon,2022-01-09,3128
China,2022-02-02,2405429
China,2022-01-26,4601286
Norway,2022-01-09,52547
Brunei,2022-01-25,2316
Saint Kitts and Nevis,2022-02-14,220
Peru,2022-02-15,88853
Thailand,2022-01-12,451360
Gambia,2022-01-02,2018
Guinea,2022-01-08,24076
Belgium,2022-01-18,98604
Albania,2022-01-24,5471
Zimbabwe,2022-01-18,14348
Namibia,2022-01-29,13234
Costa Rica,2022-02-04,14190
Trinidad and Tobago,2022-01-27,1815
South Korea,2022-01-28,304584
United Arab Emirates,2022-01-09,29297
Uruguay,2022-02-08,10379
Mozambique,2022-01-09,228379
Portugal,2022-01-08,62622
Samoa,2022-01-17,128
Saudi Arabia,2022-01-27,257257
Switzerland,2022-01-02,44462
Guernsey,2022-01-24,79
Cuba,2022-01-31,74743
Tonga,2022-01-13,162
Malaysia,2022-01-17,226929
Morocco,2022-02-06,57272
United Kingdom,2022-01-27,106776
Taiwan,2022-02-16,271131
Hungary,2022-02-14,8572
Nigeria,2022-01-13,286036
Romania,2022-01-16,21291
Slovakia,2022-02-01,6266
Botswana,2022-01-05,2733
Timor,2022-01-20,1279
Macao,2022-01-22,2587
Iraq,2022-01-23,47769
Myanmar,2022-01-06,170740
Kyrgyzstan,2022-02-17,9846
Cambodia,2022-02-04,39140
Jamaica,2022-01-08,3957
Belarus,2022-01-31,41978
Isle of Man,2022-01-25,149
Belgium,2022-01-24,65582
Algeria,2022-02-02,16222
Lebanon,2022-01-13,30089
Uganda,2022-02-04,185006
World,2022-01-03,32281753
Solomon Islands,2022-01-05,692
Chile,2022-01-13,91727
Curacao,2022-01-30,221
Hungary,2022-01-01,10347
Togo,2022-01-01,5110
Bolivia,2022-01-02,46509
Tonga,2022-01-09,265
Italy,2022-01-26,531372
Oceania,2022-02-10,246407
Chile,2022-01-31,57416
Azerbaijan,2022-02-13,37100
Luxembourg,2022-01-13,6538
Sint Maarten (Dutch part),2022-01-16,672
Belarus,2022-01-27,49254
Cuba,2022-01-14,179366
Uzbekistan,2022-02-05,87084
High income,2022-01-29,4713393
Colombia,2022-01-21,269291
Northern Ireland,2022-01-04,6569
Europe,2022-01-01,2911770
Costa Rica,2022-01-04,17916
Myanmar,2022-01-04,188717
El Salvador,2022-01-10,13914
Gibraltar,2022-02-02,80
Sweden,2022-02-15,33482
Mongolia,2022-01-06,2622
Austria,2022-01-02,35485
South Sudan,2022-01-27,2834
Uganda,2022-02-03,148503
Oman,2022-01-12,11708
Philippines,2022-01-27,449728
Uruguay,2022-01-16,21214
Ireland,2022-01-09,32063
Papua New Guinea,2022-01-14,432
Colombia,2022-02-01,222538
Lower middle income,2022-01-07,13407919
Pakistan,2022-01-05,800125
England,2022-02-03,72319
Switzerland,2022-01-20,51104
Mozambique,2022-01-13,318504
Low income,2022-01-13,513269
Brazil,2022-02-08,1144740
High income,2022-02-02,4001294
Montserrat,2022-01-15,48
Curacao,2022-01-08,1741
Guinea,2022-01-21,170175
United Kingdom,2022-02-16,69425
High income,2022-01-24,5301994
Turkey,2022-01-06,532641
Malawi,2022-02-03,1848
Norway,2022-02-16,6888
Malta,2022-01-18,4785
Niger,2022-01-20,972
United States,2022-02-08,455179
Albania,2022-01-12,8233
High income,2022-01-18,6304243
Wales,2022-01-20,7992
China,2022-01-08,7558429
Romania,2022-01-15,22027
Madagascar,2022-01-28,5727
Burundi,2022-01-26,62
Tajikistan,2022-01-20,42091
Low income,2022-01-04,336962
Peru,2022-02-07,110501
North Macedonia,2022-01-12,1615
North Macedonia,2022-01-27,1128
Low income,2022-01-07,843274
Taiwan,2022-01-05,56618
Honduras,2022-01-29,21412
El Salvador,2022-01-24,10607
Azerbaijan,2022-01-05,12566
Honduras,2022-02-01,21412
Solomon Islands,2022-01-08,726
Morocco,2022-02-13,60436
Ireland,2022-01-16,26990
South Africa,2022-01-11,66277
United States,2022-01-26,731975
Guyana,2022-01-15,2015
Bermuda,2022-02-05,180
Zambia,2022-02-01,13823
Northern Ireland,2022-02-13,2058
Saudi Arabia,2022-01-24,224833
Fiji,2022-02-07,224
Lithuania,2022-01-27,5706
Australia,2022-02-02,238061
Pakistan,2022-01-10,600999
Belgium,2022-02-04,31580
Cape Verde,2022-01-07,968
Spain,2022-02-06,115433
Bangladesh,2022-02-02,957674
Jordan,2022-01-29,15773
Brazil,2022-01-20,1624605
Macao,2022-02-18,2659
Nicaragua,2022-01-28,35183
Lebanon,2022-01-11,27218
European Union,2022-01-04,2328523
Tunisia,2022-01-18,18217
Mauritania,2022-01-17,6561
Macao,2022-02-14,2225
Saint Kitts and Nevis,2022-02-10,220
Macao,2022-02-06,705
United Arab Emirates,2022-02-06,27597
Faeroe Islands,2022-01-30,129
Africa,2022-01-07,1828074
Spain,2022-01-02,104074
Belgium,2022-01-12,122441
Niger,2022-01-25,972
Eswatini,2022-01-17,3145
Liechtenstein,2022-01-24,156
Uruguay,2022-01-15,21213
Singapore,2022-01-26,34223
Slovakia,2022-02-09,3827
Tanzania,2022-01-01,33193
Vietnam,2022-01-14,1103973
Vanuatu,2022-01-21,736
Haiti,2022-01-25,1336
Cote d'Ivoire,2022-01-19,10513
Kiribati,2022-01-18,330
Paraguay,2022-02-10,26607
Lebanon,2022-01-12,28195
Turks and Caicos Islands,2022-01-07,122
Serbia,2022-02-04,3593
Pakistan,2022-02-03,939480
Vanuatu,2022-01-07,736
Ethiopia,2022-02-13,12752
Cuba,2022-01-03,114953
Panama,2022-01-05,11607
Wales,2022-02-09,3377
Finland,2022-01-13,52247
High income,2022-02-03,3830698
New Zealand,2022-02-18,44981
Belarus,2022-01-30,44895
Guinea-Bissau,2022-02-13,9601
Tunisia,2022-01-24,20779
South Africa,2022-01-17,69190
Kyrgyzstan,2022-02-19,10203
Kosovo,2022-01-08,2307
Peru,2022-01-07,228106
Somalia,2022-01-25,1578
Cyprus,2022-01-20,4751
Afghanistan,2022-01-11,15680
Iran,2022-01-16,545704
North America,2022-02-07,1424534
Saudi Arabia,2022-02-09,165655
Brunei,2022-01-22,2611
Kyrgyzstan,2022-02-16,9313
Lower middle income,2022-02-04,9830218
Benin,2022-01-21,15565
Canada,2022-01-25,290515
Central African Republic,2022-01-24,3605
Israel,2022-01-05,39021
South Africa,2022-02-15,118430
Bulgaria,2022-01-17,20166
Vietnam,2022-01-21,1090513
Croatia,2022-02-09,4685
Antigua and Barbuda,2022-01-21,103
Egypt,2022-01-26,259740
Lower middle income,2022-02-12,9347072
North Macedonia,2022-01-28,1128
Curacao,2022-01-10,1660
Malaysia,2022-01-21,202489
Madagascar,2022-01-23,5727
Benin,2022-02-01,14887
Cape Verde,2022-01-25,2853
Kyrgyzstan,2022-02-02,9220
El Salvador,2022-02-04,7988
Turks and Caicos Islands,2022-01-13,122
Argentina,2022-02-13,261770
Nigeria,2022-01-24,205058
Scotland,2022-01-09,23367
Bangladesh,2022-02-03,957674
Croatia,2022-01-22,12103
Wales,2022-01-14,12526
Mongolia,2022-01-22,4885
Denmark,2022-01-23,24991
Paraguay,2022-01-16,24988
Algeria,2022-02-06,16222
British Virgin Islands,2022-02-05,7
Maldives,2022-01-25,2725
Gibraltar,2022-01-01,17
Azerbaijan,2022-01-28,24491
Gabon,2022-01-10,3128
Democratic Republic of Congo,2022-01-12,5760
Angola,2022-01-04,36937
Paraguay,2022-01-26,12196
World,2022-02-03,20108833
Gabon,2022-02-17,
Lower middle income,2022-02-02,9393298
Bermuda,2022-02-01,336
France,2022-01-21,375231
Venezuela,2022-01-17,126261
France,2022-02-13,188777
Ukraine,2022-01-26,67500
Armenia,2022-01-18,8700
Cook Islands,2022-01-28,6
Bhutan,2022-01-04,415
Saint Vincent and the Grenadines,2022-02-07,226
Taiwan,2022-01-23,391494
Kuwait,2022-02-06,5632
South Korea,2022-01-06,413545
Africa,2022-02-20,1192540
Egypt,2022-01-09,362579
Anguilla,2022-01-27,28
Jamaica,2022-01-24,3525
Kazakhstan,2022-01-26,19334
Yemen,2022-01-19,3098
Sierra Leone,2022-02-03,6243
Liberia,2022-01-31,1580
Upper middle income,2022-02-13,9772248
Zambia,2022-02-16,15086
Latvia,2022-02-02,4516
Yemen,2022-02-08,1995
Azerbaijan,2022-01-30,26701
Ghana,2022-01-13,59476
New Caledonia,2022-01-13,155
Kazakhstan,2022-02-14,320446
Brunei,2022-01-15,3230
Malaysia,2022-02-02,104164
Angola,2022-02-01,106738
Mauritania,2022-02-13,3015
Cambodia,2022-02-20,74728
World,2022-02-13,23444795
Chile,2022-01-08,113056
Egypt,2022-01-16,330402
Mexico,2022-01-11,418974
Finland,2022-02-16,10378
Taiwan,2022-02-13,235037
Israel,2022-01-18,39616
Guinea,2022-01-11,6924
New Caledonia,2022-01-02,183
Brunei,2022-01-11,3399
Eswatini,2022-01-12,1873
Paraguay,2022-01-19,21095
Cayman Islands,2022-01-17,184
Isle of Man,2022-02-14,56
Indonesia,2022-01-26,1252137
Namibia,2022-02-02,846
San Marino,2022-01-20,296
Paraguay,2022-02-06,27017
Samoa,2022-01-21,194
Togo,2022-01-10,4780
Philippines,2022-01-01,624261
Jordan,2022-02-05,14887
Jordan,2022-01-09,35491
Botswana,2022-02-03,2733
Djibouti,2022-02-01,393
Aruba,2022-02-02,62
Zambia,2022-01-27,12751
England,2022-02-02,74745
Greece,2022-01-11,70586
Oceania,2022-01-10,266799
Finland,2022-02-02,41801
Cote d'Ivoire,2022-02-02,57941
Grenada,2022-01-29,111
Faeroe Islands,2022-02-04,68
Ecuador,2022-02-12,68865
Honduras,2022-02-02,21412
United Arab Emirates,2022-01-17,29438
Brunei,2022-01-26,2218
Brunei,2022-01-07,3507
South America,2022-02-20,1588163
Sint Maarten (Dutch part),2022-02-03,61
Timor,2022-01-27,1333
Greece,2022-01-08,77272
Maldives,2022-01-27,2924
Nicaragua,2022-02-09,20522
El Salvador,2022-01-19,15221
Thailand,2022-01-24,435862
Kyrgyzstan,2022-01-03,4597
North Macedonia,2022-01-21,1267
Barbados,2022-01-09,272
Saint Vincent and the Grenadines,2022-01-31,145
Austria,2022-02-04,28164
United Arab Emirates,2022-01-06,27662
Bermuda,2022-01-16,105
Iraq,2022-01-05,36148
Guatemala,2022-01-10,72079
Bosnia and Herzegovina,2022-01-03,4315
Belize,2022-01-22,691
Latvia,2022-01-30,5537
Nepal,2022-01-21,217412
Saint Lucia,2022-01-31,65
England,2022-02-08,59506
South Sudan,2022-01-23,2682
New Caledonia,2022-01-11,130
France,2022-01-14,555969
Denmark,2022-01-16,37518
Qatar,2022-02-17,17661
El Salvador,2022-01-01,7707
Cook Islands,2022-01-31,6
Estonia,2022-01-28,2753
Afghanistan,2022-02-14,14901
Guernsey,2022-02-05,78
Uganda,2022-01-10,77788
Iceland,2022-02-11,1167
Sudan,2022-02-02,159116
Germany,2022-01-01,401023
Sweden,2022-01-01,23136
Lebanon,2022-02-09,10489
South America,2022-01-22,2788822
Bhutan,2022-01-18,9779
Timor,2022-01-30,951
San Marino,2022-01-01,204
Cayman Islands,2022-02-07,50
Mongolia,2022-01-18,5276
Venezuela,2022-01-26,126261
Croatia,2022-01-14,18595
Nicaragua,2022-01-03,25239
Northern Ireland,2022-01-07,7081
Kiribati,2022-01-20,330
High income,2022-02-12,3380566
Paraguay,2022-02-15,21383
Philippines,2022-01-14,782783
Finland,2022-01-21,36847
Mauritania,2022-01-05,61459
Mexico,2022-01-14,541254
Myanmar,2022-01-31,123607
New Zealand,2022-02-15,51269
Israel,2022-01-31,10571
Lower middle income,2022-01-04,13177630
Portugal,2022-01-11,62782
Switzerland,2022-02-07,14921
Dominica,2022-02-16,35
United States,2022-01-11,1202542
Bahamas,2022-01-21,434
Laos,2022-02-10,48048
Guyana,2022-02-13,1215
Burkina Faso,2022-01-05,10244
Poland,2022-01-18,180049
Georgia,2022-01-10,6481
Uganda,2022-01-27,34798
Gibraltar,2022-01-13,102
India,2022-02-10,4125867
Australia,2022-01-22,281429
Philippines,2022-01-13,775542
Dominica,2022-01-28,44
Grenada,2022-01-09,179
Saint Vincent and the Grenadines,2022-01-16,82
Antigua and Barbuda,2022-01-27,91
Guyana,2022-01-31,1640
Scotland,2022-02-17,7613
French Polynesia,2022-01-09,588
Guinea-Bissau,2022-01-27,746
Palestine,2022-01-09,3012
Aruba,2022-01-13,63
Japan,2022-01-17,123893
Senegal,2022-01-08,1606
Cyprus,2022-01-04,3393
Mongolia,2022-02-09,423
Costa Rica,2022-01-25,11140
Saint Lucia,2022-01-08,104
Latvia,2022-02-10,3020
Oceania,2022-01-25,342687
Sudan,2022-01-05,8915
Senegal,2022-01-20,4472
Somalia,2022-02-06,1578
Bahamas,2022-02-13,328
Costa Rica,2022-02-12,19236
Bahamas,2022-01-03,618
Seychelles,2022-01-15,347
Qatar,2022-01-07,9749
Greece,2022-02-06,37340
Kazakhstan,2022-02-02,16821
North Macedonia,2022-01-31,1105
Lower middle income,2022-01-29,10275379
Taiwan,2022-01-22,488355
Iceland,2022-01-30,1894
Niger,2022-01-13,11134
Cayman Islands,2022-01-03,226
Pakistan,2022-01-08,665476
Latvia,2022-01-19,8317
Ecuador,2022-02-03,56732
South Korea,2022-02-15,185890
Nauru,2022-01-02,2
Afghanistan,2022-01-09,17604
Afghanistan,2022-02-10,13781
Zambia,2022-02-04,14677
Tunisia,2022-01-30,9143
Liberia,2022-01-18,1580
Oceania,2022-01-26,309500
French Polynesia,2022-02-05,217
Malaysia,2022-02-07,74761
Nigeria,2022-01-23,219248
Nigeria,2022-01-17,216419
Faeroe Islands,2022-02-05,62
Moldova,2022-02-09,5268
Spain,2022-01-16,239028
Djibouti,2022-01-23,568
Guatemala,2022-02-03,56125
Guinea-Bissau,2022-01-03,93
Syria,2022-01-27,2829
Libya,2022-02-11,9958
Colombia,2022-01-05,159173
South Africa,2022-01-21,64953
Serbia,2022-02-11,3302
Argentina,2022-02-07,220798
Mexico,2022-01-13,498983
Dominica,2022-01-30,74
Saint Vincent and the Grenadines,2022-01-12,82
Low income,2022-01-05,376914
Slovenia,2022-01-26,2745
Jordan,2022-01-03,33151
Singapore,2022-01-15,46866
Thailand,2022-01-22,437526
Cook Islands,2022-02-01,6
Saint Vincent and the Grenadines,2022-02-04,198
Democratic Republic of Congo,2022-01-29,8065
Cuba,2022-01-15,183021
Jordan,2022-02-08,15471
Dominican Republic,2022-01-06,14074
New Caledonia,2022-01-23,205
High income,2022-01-26,5089430
Isle of Man,2022-01-07,523
Tunisia,2022-01-19,18490
Brazil,2022-01-22,1780427
World,2022-01-24,28469221
Montenegro,2022-01-26,641
Democratic Republic of Congo,2022-01-31,7037
Ghana,2022-01-01,59476
Wales,2022-02-08,3452
Bahamas,2022-01-28,400
India,2022-01-02,5979233
Romania,2022-01-20,16852
Suriname,2022-02-18,131
Kuwait,2022-02-03,5641
Bolivia,2022-02-03,36615
Indonesia,2022-01-24,1252137
Ethiopia,2022-01-23,900
Nicaragua,2022-02-04,28501
Spain,2022-02-13,89754
Sweden,2022-01-05,26694
Moldova,2022-01-10,3440
Benin,2022-02-03,14887
Kenya,2022-02-16,224478
Djibouti,2022-01-02,608
Mongolia,2022-02-05,470
Bulgaria,2022-01-22,13160
Morocco,2022-01-27,46964
Papua New Guinea,2022-01-05,487
Kenya,2022-01-07,72923
Comoros,2022-01-26,609
Turkey,2022-01-28,150830
Guinea,2022-01-27,15190
Rwanda,2022-01-03,126688
Namibia,2022-01-09,908
Kazakhstan,2022-01-17,15623
Palestine,2022-01-06,3012
Brunei,2022-01-20,2796
Malawi,2022-01-24,1458
Hong Kong,2022-01-28,45087
Switzerland,2022-02-08,13952
Hungary,2022-02-03,18508
Suriname,2022-01-02,270
France,2022-02-07,207125
Libya,2022-01-31,10899
Jordan,2022-01-12,35491
Armenia,2022-01-15,7879
Guinea,2022-01-10,12302
Cuba,2022-01-25,103026
Turkey,2022-02-06,161647
South America,2022-02-12,2197017
North America,2022-02-04,1481178
Cayman Islands,2022-01-06,226
Kazakhstan,2022-01-28,18539
Ethiopia,2022-02-11,4303
France,2022-02-10,200013
Uruguay,2022-01-23,19996
Laos,2022-02-03,48048
Peru,2022-01-19,191128
Algeria,2022-02-03,16222
Scotland,2022-02-06,6502
Trinidad and Tobago,2022-02-02,1840
North America,2022-02-11,1174449
Oceania,2022-01-11,283792
India,2022-02-17,4790451
Moldova,2022-02-13,5102
Central African Republic,2022-01-05,3596
Macao,2022-01-20,2561
Ecuador,2022-01-03,50886
Lithuania,2022-02-20,892
Bolivia,2022-02-10,30751
Zambia,2022-01-17,36338
Paraguay,2022-02-14,22664
Gibraltar,2022-01-27,98
Antigua and Barbuda,2022-01-05,34
Malaysia,2022-01-19,211152
Wales,2022-02-03,4668
Kyrgyzstan,2022-01-24,9249
Djibouti,2022-01-29,593
South Korea,2022-01-05,435512
Mali,2022-01-04,14682
Montenegro,2022-01-17,747
Madagascar,2022-02-17,
Vanuatu,2022-01-20,736
Greenland,2022-01-17,51
Mongolia,2022-01-31,1984
Barbados,2022-01-23,129
Denmark,2022-02-15,3220
Switzerland,2022-02-06,16168
Uruguay,2022-02-15,5820
North Macedonia,2022-02-06,969
Sao Tome and Principe,2022-01-11,384
British Virgin Islands,2022-01-21,22
Lithuania,2022-01-16,11315
Zambia,2022-01-15,29840
Vietnam,2022-02-11,512711
Zimbabwe,2022-01-13,13918
Croatia,2022-01-28,8004
Sierra Leone,2022-02-17,
Kiribati,2022-01-07,802
Greece,2022-01-18,73045
Denmark,2022-01-27,16189
Algeria,2022-01-17,16222
Honduras,2022-01-26,29581
Barbados,2022-02-13,160
Peru,2022-01-13,267286
Hungary,2022-02-19,
Zimbabwe,2022-02-16,8399
Anguilla,2022-01-31,30
Cook Islands,2022-02-02,6
Algeria,2022-02-05,16222
Liberia,2022-01-15,1580
Mali,2022-02-13,
Oman,2022-01-22,14822
Benin,2022-01-14,16074
United States,2022-01-16,1081850
Asia,2022-02-05,11531326
Cuba,2022-02-02,61544
Lebanon,2022-01-20,14094
Guinea-Bissau,2022-01-14,143
Laos,2022-01-05,35334
Syria,2022-01-07,40969
Hungary,2022-01-30,24110
Venezuela,2022-01-27,126261
Papua New Guinea,2022-01-18,143
Dominica,2022-01-23,46
Anguilla,2022-02-13,23
Kuwait,2022-01-15,12987
Pakistan,2022-02-09,1893019
Egypt,2022-01-29,246789
Low income,2022-01-27,778861
Philippines,2022-02-13,384193
Tajikistan,2022-01-24,27965
Saudi Arabia,2022-01-04,216550
Azerbaijan,2022-01-16,24816
Curacao,2022-01-25,344
Indonesia,2022-01-23,1252137
Vanuatu,2022-01-17,736
Netherlands,2022-01-19,108661
Papua New Guinea,2022-01-03,459
Indonesia,2022-02-08,1252137
Iran,2022-02-20,258164
Namibia,2022-01-19,908
Turkey,2022-02-19,122656
Norway,2022-01-11,54327
Iran,2022-01-18,459668
Haiti,2022-02-15,453
Scotland,2022-01-20,16095
Northern Ireland,2022-02-17,2057
Lower middle income,2022-02-08,9137074
Gibraltar,2022-02-04,72
Low income,2022-01-30,333475
South Sudan,2022-01-10,890
Barbados,2022-01-27,184
Scotland,2022-02-15,7088
Belgium,2022-02-12,33870
United States,2022-01-03,1024348
Peru,2022-01-27,124271
Thailand,2022-01-31,354055
Solomon Islands,2022-02-04,977
Croatia,2022-01-20,14037
United States,2022-01-09,1216214
Fiji,2022-01-23,177
China,2022-02-01,3136714
Iceland,2022-01-10,1198
South Korea,2022-02-11,204509
Malta,2022-02-19,879
Philippines,2022-01-19,744145
Guinea-Bissau,2022-02-09,9244
Cote d'Ivoire,2022-02-08,65578
Malta,2022-02-08,1413
South Sudan,2022-01-09,810
Mauritania,2022-01-25,5385
Paraguay,2022-02-08,26812
Qatar,2022-01-29,26883
Asia,2022-02-13,16910721
Afghanistan,2022-01-03,17604
Ethiopia,2022-01-12,430
Portugal,2022-02-16,55591
South America,2022-02-01,2703996
Bhutan,2022-01-19,14589
India,2022-02-11,4732111
Solomon Islands,2022-01-14,760
Panama,2022-02-14,13709
Israel,2022-02-05,8911
Dominica,2022-01-25,46
Africa,2022-02-05,956286
Saudi Arabia,2022-02-02,227764
Slovakia,2022-02-06,4514
Turks and Caicos Islands,2022-02-09,35
Thailand,2022-01-11,431818
Central African Republic,2022-01-09,3596
Guatemala,2022-01-04,20946
Panama,2022-02-19,12242
Netherlands,2022-02-01,37519
Madagascar,2022-01-26,5727
Germany,2022-01-28,384972
Malawi,2022-01-10,5029
Upper middle income,2022-01-08,11062921
Jamaica,2022-02-09,2250
Moldova,2022-02-20,4905
Sierra Leone,2022-01-13,10103
South Africa,2022-02-18,58588
United Arab Emirates,2022-02-01,30792
Greece,2022-01-05,72791
Kosovo,2022-02-17,1063
Suriname,2022-01-23,204
Estonia,2022-01-05,3035
Zambia,2022-01-04,21948
Djibouti,2022-01-27,583
Niger,2022-01-26,972
Finland,2022-01-09,45915
Luxembourg,2022-01-17,6698
Taiwan,2022-01-08,67460
Guernsey,2022-02-01,65
Morocco,2022-01-20,58822
Liberia,2022-01-05,11591
Malta,2022-01-20,4157
Saudi Arabia,2022-01-12,192627
Canada,2022-01-31,250696
Slovakia,2022-01-25,11771
Vietnam,2022-01-17,1072972
Austria,2022-02-11,14500
Sri Lanka,2022-01-19,78938
Sweden,2022-01-28,69596
United Kingdom,2022-02-17,68440
Australia,2022-02-07,206802
Croatia,2022-01-15,18319
Slovenia,2022-02-16,1938
Qatar,2022-01-20,22299
Hungary,2022-01-03,10347
Greece,2022-02-10,35473
Estonia,2022-01-15,4696
Mali,2022-02-14,
Iraq,2022-01-22,48437
Ethiopia,2022-02-10,78
Wales,2022-01-01,20870
Uzbekistan,2022-01-08,75878
Curacao,2022-01-16,782
Curacao,2022-01-29,255
Bolivia,2022-02-06,35038
Singapore,2022-01-07,41911
Syria,2022-01-29,2829
Mali,2022-01-19,11722
Saint Lucia,2022-02-14,78
Lebanon,2022-01-31,13442
Pakistan,2022-01-26,534708
England,2022-02-12,56772
Zimbabwe,2022-02-15,8662
Hungary,2022-01-31,23898
Czechia,2022-02-09,16993
Oman,2022-01-11,11708
Turks and Caicos Islands,2022-01-22,122
Africa,2022-02-03,1196500
Denmark,2022-01-09,56053
Indonesia,2022-01-27,1252137
United Arab Emirates,2022-02-11,23183
Cote d'Ivoire,2022-02-05,65578
Cambodia,2022-01-20,133736
Togo,2022-01-18,4911
Malta,2022-02-10,1273
United States,2022-02-12,424822
Honduras,2022-01-12,14179
Turkey,2022-01-08,581065
Cambodia,2022-01-30,80875
Northern Ireland,2022-02-16,2209
Pakistan,2022-01-24,638667
Saudi Arabia,2022-01-07,205018
Lebanon,2022-02-12,10820
Haiti,2022-02-01,1665
China,2022-01-30,4582429
Cyprus,2022-01-23,4220
Saint Lucia,2022-01-09,108
Tonga,2022-01-17,94
Canada,2022-02-07,164568
Jamaica,2022-02-12,2073
Guinea,2022-01-16,76973
Venezuela,2022-01-18,126261
Trinidad and Tobago,2022-02-07,1687
Vanuatu,2022-01-04,736
Cook Islands,2022-01-14,4
Botswana,2022-01-12,2733
South Korea,2022-01-18,382583
Samoa,2022-01-07,57
Oceania,2022-01-24,334768
Senegal,2022-01-10,2752
Indonesia,2022-01-04,1483946
Brazil,2022-02-13,1212875
Liberia,2022-01-30,1580
Sudan,2022-01-09,8915
Philippines,2022-01-21,684412
Switzerland,2022-01-08,68123
Barbados,2022-01-14,264
Curacao,2022-01-14,1064
Guinea-Bissau,2022-02-04,4358
Malaysia,2022-01-15,218788
Gibraltar,2022-01-14,124
French Polynesia,2022-02-12,210
Gambia,2022-01-03,2159
Egypt,2022-01-08,374469
Upper middle income,2022-01-18,10073935
India,2022-01-23,7359274
Guernsey,2022-01-31,67
Guernsey,2022-02-14,83
Laos,2022-01-09,35334
Malta,2022-01-30,2362
Tunisia,2022-01-27,14183
France,2022-01-06,451266
Sint Maarten (Dutch part),2022-01-30,66
Namibia,2022-01-20,908
England,2022-02-11,56533
South Korea,2022-01-23,321550
Kuwait,2022-01-01,15791
Lebanon,2022-02-05,12860
Madagascar,2022-02-01,5727
San Marino,2022-02-05,72
Taiwan,2022-01-15,175774
Czechia,2022-02-03,25976
Faeroe Islands,2022-01-26,200
Montenegro,2022-01-06,915
Montenegro,2022-02-18,321
Afghanistan,2022-01-13,14893
Cambodia,2022-01-08,48211
Australia,2022-02-03,230830
Vanuatu,2022-01-05,736
Cape Verde,2022-02-03,2853
Cameroon,2022-01-03,562
Guatemala,2022-01-05,21206
Egypt,2022-01-02,424464
Saint Lucia,2022-01-20,121
Kosovo,2022-01-13,2982
Cayman Islands,2022-01-30,110
Estonia,2022-01-09,4422
Singapore,2022-01-04,39872
Colombia,2022-02-09,204031
Lebanon,2022-01-19,12021
Grenada,2022-01-08,177
United Arab Emirates,2022-02-03,27422
Vietnam,2022-02-17,672906
Aruba,2022-02-03,65
Syria,2022-01-04,77860
Guinea-Bissau,2022-01-26,807
Paraguay,2022-01-27,10936
Madagascar,2022-01-21,5727
Sierra Leone,2022-01-05,1199
Slovakia,2022-02-02,5916
Ethiopia,2022-02-19,753282
Low income,2022-02-05,300310
Uruguay,2022-02-12,7273
Taiwan,2022-01-02,76760
Asia,2022-02-16,15863446
Nepal,2022-01-05,219014
Montenegro,2022-01-20,748
Grenada,2022-02-15,48
Ukraine,2022-02-19,53178
Isle of Man,2022-01-18,130
United Kingdom,2022-01-07,218745
Saint Kitts and Nevis,2022-01-24,43
El Salvador,2022-02-10,9649
Turks and Caicos Islands,2022-01-09,122
Jersey,2022-01-01,669
Germany,2022-02-05,249507
Ireland,2022-02-14,8181
Malta,2022-02-05,1683
New Caledonia,2022-02-08,101
Africa,2022-02-12,1832913
Lebanon,2022-02-20,10741
Cyprus,2022-01-03,3393
Netherlands,2022-02-18,7274
Zambia,2022-02-20,18044
Zimbabwe,2022-01-20,12561
Angola,2022-01-12,86596
Kuwait,2022-01-30,11945
Thailand,2022-02-02,304257
Macao,2022-01-07,1585
Somalia,2022-02-02,1578
Sweden,2022-02-12,38977
Gambia,2022-01-15,2299
Mauritania,2022-02-12,3264
Saint Lucia,2022-02-03,78
Yemen,2022-02-06,2088
Iran,2022-01-05,412771
Brazil,2022-01-17,1500479
Canada,2022-01-20,323491
Gibraltar,2022-02-07,82
Macao,2022-01-31,1831
Montenegro,2022-01-10,757
Bangladesh,2022-01-31,1046071
Bulgaria,2022-02-01,8395
Austria,2022-01-15,45438
Bolivia,2022-02-17,28296
Germany,2022-01-04,393904
Thailand,2022-02-03,280988
Saudi Arabia,2022-01-22,148404
Honduras,2022-01-16,19500
Solomon Islands,2022-02-01,992
Scotland,2022-01-18,17500
Malta,2022-01-24,3289
Gibraltar,2022-01-04,17
Asia,2022-01-21,19089887
San Marino,2022-01-22,327
Luxembourg,2022-01-09,6002
Georgia,2022-02-04,6721
Belize,2022-02-18,304
Guernsey,2022-01-21,69
Uganda,2022-02-07,294514
Argentina,2022-01-17,358954
Brunei,2022-01-02,5535
Greenland,2022-01-30,11
Guatemala,2022-01-02,24381
Mali,2022-02-04,
Lithuania,2022-01-07,15086
Australia,2022-01-14,272214
Norway,2022-01-18,51521
Finland,2022-02-14,18892
Netherlands,2022-02-17,9327
Luxembourg,2022-01-25,5015
Peru,2022-02-02,112626
Ukraine,2022-02-14,57648
South Korea,2022-02-20,164126
Latvia,2022-02-15,2563
Japan,2022-02-15,729626
Tajikistan,2022-01-02,41125
Cyprus,2022-01-18,5482
Greece,2022-02-11,35183
Brunei,2022-01-28,2022
Guernsey,2022-02-09,93
Austria,2022-02-03,28129
Nepal,2022-01-06,218912
Syria,2022-01-09,16376
Bhutan,2022-01-24,29717
Brunei,2022-01-13,3344
Panama,2022-01-01,17031
Romania,2022-01-02,15237
Moldova,2022-01-28,5596
Russia,2022-02-12,287121
Norway,2022-02-10,9972
Netherlands,2022-02-19,5220
Ukraine,2022-01-12,60642
South America,2022-01-30,2805400
Madagascar,2022-01-06,7371
Solomon Islands,2022-02-05,972
Turks and Caicos Islands,2022-01-24,122
Egypt,2022-01-05,411966
Morocco,2022-01-29,39662
Singapore,2022-02-04,20745
Nepal,2022-02-10,306553
Georgia,2022-02-09,3966
Turkey,2022-02-16,142511
Saint Lucia,2022-01-19,125
Albania,2022-01-28,5471
Myanmar,2022-01-17,186101
Asia,2022-02-14,17409102
Azerbaijan,2022-02-16,45875
Kazakhstan,2022-01-24,19070
Papua New Guinea,2022-01-07,541
Vietnam,2022-02-01,441568
Antigua and Barbuda,2022-01-09,68
Laos,2022-02-08,48048
Tanzania,2022-01-07,33124
Iran,2022-02-08,479334
Singapore,2022-02-07,23763
Liechtenstein,2022-02-04,84
Bolivia,2022-02-15,30106
Comoros,2022-01-15,609
New Zealand,2022-01-11,41790
Poland,2022-01-09,172877
Scotland,2022-02-16,7345
Sri Lanka,2022-02-11,78286
Solomon Islands,2022-01-06,703
Cayman Islands,2022-02-02,96
Qatar,2022-01-28,26886
Sierra Leone,2022-01-17,27910
Indonesia,2022-01-13,1252137
England,2022-01-12,190949
Norway,2022-02-04,16632
Guyana,2022-01-05,1528
Solomon Islands,2022-01-02,680
Norway,2022-02-03,17954
Anguilla,2022-02-16,30
Czechia,2022-02-05,22200
Sweden,2022-02-02,61483
Brunei,2022-01-21,2709
Asia,2022-01-25,19263478
Bangladesh,2022-01-14,1244271
Saint Vincent and the Grenadines,2022-01-22,82
Mali,2022-02-03,
Tunisia,2022-02-07,9380
Kazakhstan,2022-01-04,14743
Africa,2022-01-01,2176703
Dominica,2022-02-04,107
Botswana,2022-01-10,2733
Singapore,2022-01-21,37990
Greece,2022-02-14,33577
Bosnia and Herzegovina,2022-01-02,4315
Bosnia and Herzegovina,2022-01-25,4315
Finland,2022-01-29,44567
Oman,2022-01-14,11708
Syria,2022-01-24,2829
Tajikistan,2022-01-06,54820
Netherlands,2022-02-11,21353
Oceania,2022-01-05,147297
Tanzania,2022-01-14,33124
Malta,2022-01-27,2670
World,2022-02-08,19214763
Bermuda,2022-01-04,217
United Kingdom,2022-01-13,216703
Uruguay,2022-02-16,5419
Saint Kitts and Nevis,2022-01-28,41
Ethiopia,2022-01-08,5787
Benin,2022-01-01,19531
Austria,2022-01-14,47284
Austria,2022-01-26,29758
Colombia,2022-01-25,245006
Mexico,2022-01-10,444046
Gambia,2022-01-06,2299
Jamaica,2022-01-26,3220
Thailand,2022-02-15,268261
Mexico,2022-01-12,488625
Curacao,2022-02-14,146
Bulgaria,2022-02-02,7923
Namibia,2022-01-07,735
Japan,2022-01-02,144202
Isle of Man,2022-01-08,531
Canada,2022-01-23,296999
Honduras,2022-01-14,7298
Somalia,2022-01-30,1578
Portugal,2022-01-25,84790
Turkey,2022-02-14,149676
India,2022-01-17,7377220
Kosovo,2022-02-13,1210
Maldives,2022-01-04,277
Syria,2022-01-05,65563
Oman,2022-02-03,14829
New Zealand,2022-02-01,47848
Canada,2022-02-16,104531
Namibia,2022-01-03,389
Ireland,2022-01-17,25986
Solomon Islands,2022-01-16,760
Albania,2022-02-04,16144
Cyprus,2022-01-28,3177
New Zealand,2022-01-19,42197
Vietnam,2022-01-12,1089549
Syria,2022-01-06,53266
Oman,2022-01-19,12954
North Macedonia,2022-02-02,1060
Canada,2022-01-10,391079
Hungary,2022-01-06,16864
Ghana,2022-02-04,84487
Malaysia,2022-01-09,202874
Belgium,2022-02-10,31389
Andorra,2022-01-03,865
Poland,2022-02-05,100300
Slovenia,2022-01-08,6862
Croatia,2022-01-13,18540
Greece,2022-02-08,35471
England,2022-02-19,45738
Morocco,2022-02-08,52700
Czechia,2022-01-06,54814
Senegal,2022-01-16,4472
North America,2022-01-31,1866347
Guinea,2022-01-20,167903
Cook Islands,2022-02-10,6
Madagascar,2022-01-24,5727
Singapore,2022-01-08,48902
Norway,2022-01-23,39657
Grenada,2022-01-06,175
Northern Ireland,2022-02-12,2140
Qatar,2022-01-21,26159
New Caledonia,2022-01-01,183
Greece,2022-02-17,27134
United Arab Emirates,2022-01-21,32934
Bahamas,2022-02-15,333
Trinidad and Tobago,2022-01-04,3342
China,2022-01-27,4751714
Thailand,2022-01-23,438395
Oman,2022-01-31,16068
Mexico,2022-02-15,460366
Mali,2022-01-10,57073
Guernsey,2022-02-07,86
Russia,2022-02-15,281764
Djibouti,2022-01-24,567
Switzerland,2022-01-07,61111
Democratic Republic of Congo,2022-01-01,7108
Jersey,2022-02-08,105
Libya,2022-01-17,10414
Cambodia,2022-02-15,80850
Gabon,2022-01-03,3128
Liberia,2022-02-07,1580
Cote d'Ivoire,2022-02-07,65578
Gambia,2022-01-14,2299
Kazakhstan,2022-02-19,351158
Spain,2022-02-15,72211
United Kingdom,2022-01-23,116924
Sweden,2022-01-30,66274
Taiwan,2022-01-18,409515
United States,2022-01-10,1218072
Russia,2022-02-08,245101
Lower middle income,2022-01-22,13056326
Germany,2022-01-22,506146
Zambia,2022-01-14,28992
Slovenia,2022-02-10,2133
Venezuela,2022-02-08,171912
Asia,2022-02-09,13522230
Curacao,2022-02-09,192
Uruguay,2022-01-08,4701
Saudi Arabia,2022-01-11,195414
Indonesia,2022-02-01,1252137
Armenia,2022-01-02,4788
Grenada,2022-02-13,53
Canada,2022-01-30,249613
Moldova,2022-01-13,5288
Wales,2022-01-11,15989
Malaysia,2022-01-18,209148
Kenya,2022-01-05,70086
Cuba,2022-01-01,135997
Greenland,2022-02-11,14
Albania,2022-01-19,5471
Bosnia and Herzegovina,2022-01-16,4315
Iraq,2022-01-25,45840
Pakistan,2022-01-15,692491
Tajikistan,2022-01-13,65092
Kuwait,2022-01-16,12759
Samoa,2022-01-10,57
Nigeria,2022-01-25,190867
Honduras,2022-02-04,21412
Wales,2022-01-06,12375
Mali,2022-01-25,
Finland,2022-01-16,37433
Montenegro,2022-02-05,452
Jersey,2022-01-13,404
Greenland,2022-01-22,47
Saint Kitts and Nevis,2022-02-02,41
Chile,2022-02-02,52639
Kazakhstan,2022-02-08,16155
Liechtenstein,2022-01-26,119
Ecuador,2022-02-07,60479
North America,2022-01-27,2292619
Wales,2022-02-15,6242
Kazakhstan,2022-02-04,18883
Greenland,2022-01-10,45
San Marino,2022-01-04,183
Singapore,2022-02-02,20582
Azerbaijan,2022-01-19,23880
Tanzania,2022-01-21,33124
Djibouti,2022-01-20,588
Armenia,2022-01-07,4864
Ethiopia,2022-01-22,789
Madagascar,2022-01-10,6275
Mauritania,2022-02-09,4010
Saint Vincent and the Grenadines,2022-02-10,225
Wales,2022-02-12,3192
Mexico,2022-02-02,681660
Barbados,2022-01-03,209
France,2022-01-30,261403
Norway,2022-01-08,51989
Jamaica,2022-01-14,3627
Macao,2022-01-18,2616
Kyrgyzstan,2022-01-29,9291
Peru,2022-01-02,189574
Turks and Caicos Islands,2022-02-03,122
Nigeria,2022-01-21,226730
France,2022-02-11,194507
Ecuador,2022-01-26,65941
Togo,2022-01-16,4883
North Macedonia,2022-01-20,1336
Europe,2022-01-06,3036902
Armenia,2022-01-28,10109
Malta,2022-01-21,3764
Oceania,2022-02-03,254398
Paraguay,2022-02-18,17542
Netherlands,2022-01-01,233514
El Salvador,2022-01-12,15221
Cote d'Ivoire,2022-02-01,50304
Tanzania,2022-01-02,33170
Mauritania,2022-01-27,5093
Portugal,2022-01-24,88192
Saint Kitts and Nevis,2022-02-03,60
Europe,2022-01-18,3740501
Russia,2022-01-05,84074
Comoros,2022-01-03,1742
Bosnia and Herzegovina,2022-01-28,4315
Luxembourg,2022-02-05,2378
Bahamas,2022-01-24,434
Peru,2022-01-08,272615
Cote d'Ivoire,2022-01-30,35031
European Union,2022-01-10,3178619
Belarus,2022-01-20,56832
Europe,2022-02-15,1403289
Georgia,2022-01-23,6459
San Marino,2022-01-27,280
Nigeria,2022-01-03,127972
Curacao,2022-01-12,1428
Taiwan,2022-01-01,77572
Georgia,2022-02-01,8894
Eswatini,2022-01-06,1711
Bermuda,2022-01-13,132
Oman,2022-01-18,12331
Tunisia,2022-02-17,8149
Hong Kong,2022-02-06,26137
Kosovo,2022-01-23,4250
Mauritania,2022-02-10,3761
Ghana,2022-01-03,59476
Scotland,2022-02-08,5873
Low income,2022-01-01,1226709
Timor,2022-02-05,623
Dominican Republic,2022-01-11,15966
South America,2022-01-26,1988511
Mongolia,2022-01-12,3867
Sweden,2022-02-03,59887
El Salvador,2022-01-22,12914
Norway,2022-01-14,54386
Jordan,2022-01-15,35491
Kuwait,2022-01-18,10159
Saudi Arabia,2022-01-13,188452
Qatar,2022-01-27,26784
United States,2022-01-05,952774
Colombia,2022-01-12,243792
Mongolia,2022-01-09,3020
Anguilla,2022-01-29,28
Bahamas,2022-02-05,316
World,2022-02-19,24706526
Andorra,2022-01-21,734
Canada,2022-01-18,345415
Bermuda,2022-01-15,118
United Arab Emirates,2022-02-13,22019
Lithuania,2022-01-22,7275
Panama,2022-02-04,15698
Madagascar,2022-01-18,5727
Germany,2022-01-11,615042
Indonesia,2022-01-21,1252137
Low income,2022-02-20,979623
Finland,2022-01-24,47288
New Caledonia,2022-01-31,171
Curacao,2022-01-26,306
Mongolia,2022-02-06,479
Nepal,2022-02-09,333688
Europe,2022-01-22,3147349
Namibia,2022-01-23,7084
Belgium,2022-01-20,83336
Barbados,2022-01-30,177
Brazil,2022-01-15,723965
Botswana,2022-01-08,2733
Malawi,2022-01-11,4921
European Union,2022-01-21,2639676
Turkey,2022-01-23,216195
Bahrain,2022-01-27,3494
Mongolia,2022-01-20,4796
Tajikistan,2022-01-29,43589
Luxembourg,2022-02-09,2148
Malawi,2022-01-07,4813
Mali,2022-01-01,5318
Brazil,2022-01-28,1286679
Italy,2022-01-25,542757
Uzbekistan,2022-01-27,3947
Montserrat,2022-01-04,5
Upper middle income,2022-02-05,4730256
Samoa,2022-01-20,176
Anguilla,2022-01-08,21
Israel,2022-01-14,67303
South Africa,2022-02-06,53914
Mali,2022-02-11,
Singapore,2022-02-06,22014
Germany,2022-01-09,590582
Comoros,2022-01-29,1862
Tajikistan,2022-01-04,47972
Anguilla,2022-02-12,20
Philippines,2022-01-25,552124
Gibraltar,2022-01-29,95
Colombia,2022-01-27,229647
Anguilla,2022-01-19,27
Bermuda,2022-01-01,207
Latvia,2022-01-10,10444
Belgium,2022-02-16,33700
Portugal,2022-02-12,56442
Jamaica,2022-01-19,2866
England,2022-02-09,58260
Eswatini,2022-02-07,1080
Slovenia,2022-01-09,6893
Papua New Guinea,2022-01-17,215
Slovenia,2022-01-02,3825
Ecuador,2022-01-07,80177
Cyprus,2022-01-21,4660
Slovenia,2022-01-23,3010
Saint Kitts and Nevis,2022-01-31,41
Syria,2022-02-03,2829
Cook Islands,2022-01-17,4
Indonesia,2022-02-04,1252137
Luxembourg,2022-02-01,2866
Indonesia,2022-02-12,1252137
Azerbaijan,2022-01-06,12763
Iraq,2022-01-20,49773
Dominican Republic,2022-01-18,21304
Slovenia,2022-02-08,2469
Kiribati,2022-01-22,330
Liberia,2022-01-26,1580
El Salvador,2022-02-08,9649
Oceania,2022-01-23,335636
Tunisia,2022-02-08,5814
Cameroon,2022-01-06,254
Upper middle income,2022-02-16,9809773
Denmark,2022-01-13,42859
French Polynesia,2022-01-19,650
Moldova,2022-02-19,4901
Comoros,2022-01-07,609
Nepal,2022-02-07,387959
Ecuador,2022-01-15,110515
Niger,2022-01-18,972
Maldives,2022-02-17,1842
Colombia,2022-01-13,243085
Antigua and Barbuda,2022-01-23,103
Morocco,2022-01-21,60410
Argentina,2022-01-25,411449
Colombia,2022-02-10,217147
Vietnam,2022-02-19,805304
Mali,2022-01-29,
Isle of Man,2022-01-09,540
Pakistan,2022-01-30,545584
Serbia,2022-02-03,3561
Namibia,2022-01-21,908
Kyrgyzstan,2022-01-01,5202
Tunisia,2022-01-16,17862
Belize,2022-01-23,707
Oman,2022-02-01,15655
Low income,2022-01-12,934502
Suriname,2022-01-12,383
Yemen,2022-01-06,1926
Africa,2022-01-14,1584168
Guyana,2022-02-17,1144
Norway,2022-01-04,23161
England,2022-01-11,207160
Andorra,2022-01-09,865
Malawi,2022-01-02,9132
Sint Maarten (Dutch part),2022-01-02,15
British Virgin Islands,2022-01-08,13
Libya,2022-01-04,8911
Guatemala,2022-01-24,77439
Estonia,2022-01-13,4557
Scotland,2022-02-04,7149
Uganda,2022-01-21,29203
Italy,2022-01-31,490762
Ireland,2022-01-15,27462
Liberia,2022-01-08,10161
Uruguay,2022-02-18,4274
Singapore,2022-01-22,38283
Togo,2022-02-17,
Indonesia,2022-01-09,1252137
Turks and Caicos Islands,2022-02-11,0
Bulgaria,2022-01-28,8638
Morocco,2022-01-02,54838
Tajikistan,2022-01-08,61668
Liberia,2022-02-17,
Lebanon,2022-02-03,13633
New Zealand,2022-02-10,50946
Grenada,2022-01-13,186
Belize,2022-01-05,338
Sri Lanka,2022-01-12,54340
Cuba,2022-01-13,172873
Trinidad and Tobago,2022-01-23,1814
Saint Lucia,2022-02-16,68
Bosnia and Herzegovina,2022-01-01,4315
Malawi,2022-01-21,1558
Grenada,2022-01-17,163
Iceland,2022-01-24,2285
World,2022-02-17,21997335
Cayman Islands,2022-01-08,219
Maldives,2022-01-02,438
Lower middle income,2022-02-20,19205514
Togo,2022-01-09,4761
Guatemala,2022-01-27,62940
Panama,2022-01-18,27329
Tonga,2022-01-01,436
Senegal,2022-01-23,4472
New Zealand,2022-01-18,41523
Kenya,2022-01-16,66556
Lebanon,2022-02-17,10879
French Polynesia,2022-01-06,386
Maldives,2022-01-18,1803
Zimbabwe,2022-01-12,13054
Saudi Arabia,2022-01-08,205253
Central African Republic,2022-01-12,3596
Macao,2022-01-11,2212
Ecuador,2022-01-12,106618
Singapore,2022-01-30,30781
Yemen,2022-01-15,1926
Guatemala,2022-01-15,93713
Cote d'Ivoire,2022-01-05,59894
Samoa,2022-02-11,401
Upper middle income,2022-01-09,11275842
Costa Rica,2022-02-09,16514
Belgium,2022-01-06,86479
Kenya,2022-01-22,70927
Dominican Republic,2022-01-15,17831
Central African Republic,2022-01-14,3596
Suriname,2022-01-31,248
South Sudan,2022-01-11,970
Aruba,2022-01-17,61
Scotland,2022-01-21,15120
Panama,2022-02-11,14404
Hong Kong,2022-02-09,58429
Moldova,2022-01-12,5342
Cambodia,2022-01-15,114831
Vanuatu,2022-01-26,639
United States,2022-01-13,1157708
Saint Kitts and Nevis,2022-01-04,63
Trinidad and Tobago,2022-01-09,3711
Chile,2022-02-13,60595
Estonia,2022-01-31,2614
Sri Lanka,2022-01-04,84046
Antigua and Barbuda,2022-01-24,103
Zimbabwe,2022-01-21,12685
Italy,2022-01-13,652408
Bhutan,2022-01-02,518
China,2022-01-28,4783857
Low income,2022-01-19,609865
Samoa,2022-01-27,324
European Union,2022-01-19,2824227
United Arab Emirates,2022-01-12,29088
Democratic Republic of Congo,2022-01-30,7551
Iraq,2022-02-06,43103
Nepal,2022-01-20,219924
Dominican Republic,2022-02-10,19421
New Zealand,2022-02-08,49673
Ireland,2022-02-06,9581
Italy,2022-01-14,655197
Bermuda,2022-01-22,257
Singapore,2022-02-05,20776
San Marino,2022-01-12,174
Denmark,2022-01-26,17878
Malaysia,2022-02-03,89154
Mexico,2022-02-09,490693
Solomon Islands,2022-01-29,1061
China,2022-01-24,4478286
Malaysia,2022-01-27,190764
Cambodia,2022-01-17,128622
Rwanda,2022-01-19,127901
Costa Rica,2022-01-13,19029
Malaysia,2022-02-13,150791
Guernsey,2022-01-11,283
Lithuania,2022-02-12,1372
India,2022-02-06,5503435
Japan,2022-01-22,168470
Belgium,2022-01-23,70553
Kazakhstan,2022-02-12,16473
Papua New Guinea,2022-01-20,363
Philippines,2022-01-06,482076
Mozambique,2022-01-28,80250
Slovenia,2022-01-12,6521
Sri Lanka,2022-01-22,67203
Georgia,2022-01-30,7909
South America,2022-02-08,2118868
Maldives,2022-02-09,2777
Paraguay,2022-01-21,18500
North America,2022-01-11,2361422
Costa Rica,2022-01-10,19511
Austria,2022-01-29,27953
Uruguay,2022-01-14,21012
Canada,2022-02-14,104528
United Kingdom,2022-02-04,83053
Australia,2022-01-27,238946
Pakistan,2022-02-02,761168
Nicaragua,2022-01-13,30758
Ireland,2022-02-07,9456
Georgia,2022-01-13,7294
Bahamas,2022-01-10,645
Aruba,2022-01-27,174
Barbados,2022-01-08,260
Afghanistan,2022-01-24,8715
Myanmar,2022-01-01,215682
Nicaragua,2022-02-11,20522
South Africa,2022-01-07,50181
Chile,2022-01-28,60588
Saint Lucia,2022-02-13,74
Mozambique,2022-01-17,226094
Brazil,2022-01-06,427514
Moldova,2022-02-10,5204
Argentina,2022-01-22,366013
Curacao,2022-01-27,267
United Arab Emirates,2022-01-05,26274
Asia,2022-01-09,22738918
Europe,2022-01-07,3428648
Kazakhstan,2022-02-11,14319
New Zealand,2022-01-21,43424
Guinea-Bissau,2022-01-30,1163
Albania,2022-01-17,5976
Sao Tome and Principe,2022-01-16,384
Belgium,2022-01-01,45895
Central African Republic,2022-01-19,3082
Norway,2022-01-15,54510
Cambodia,2022-01-25,113743
Kosovo,2022-02-20,868
Seychelles,2022-01-18,347
Scotland,2022-02-05,6910
Jersey,2022-01-30,135
Cape Verde,2022-01-21,2853
Spain,2022-01-20,241351
Guatemala,2022-01-26,67201
England,2022-01-06,173288
Moldova,2022-01-01,3748
United States,2022-01-25,758528
Chad,2022-01-13,2544
Uganda,2022-01-28,36196
South Korea,2022-02-09,238855
Bhutan,2022-01-20,19400
Nepal,2022-02-08,360824
Lower middle income,2022-02-06,9868960
France,2022-02-06,206267
Iraq,2022-01-29,42088
Mauritania,2022-01-09,6733
Sudan,2022-01-21,11296
Ghana,2022-01-11,59476
Lower middle income,2022-01-28,10809108
Germany,2022-01-21,530332
Myanmar,2022-01-14,177262
Saint Lucia,2022-01-29,58
Nicaragua,2022-01-22,37525
Timor,2022-01-11,1200
Laos,2022-02-11,48048
Moldova,2022-01-06,2923
Croatia,2022-01-04,11889
India,2022-02-20,3642105
Timor,2022-02-09,596
Sweden,2022-02-13,35464
Latvia,2022-02-08,3323
Cuba,2022-01-10,129719
World,2022-01-21,29845021
Hong Kong,2022-02-20,86323
Europe,2022-01-19,3512969
Nigeria,2022-01-16,188170
Papua New Guinea,2022-01-31,144
European Union,2022-01-14,3268022
Northern Ireland,2022-01-18,5466
Montenegro,2022-01-29,477
Malta,2022-01-01,5965
Isle of Man,2022-01-03,393
Lithuania,2022-01-31,4908
Bahrain,2022-01-05,6027
Laos,2022-01-29,48048
Chile,2022-01-26,71720
Burundi,2022-01-11,41
Japan,2022-02-20,922996
Azerbaijan,2022-02-01,27660
Faeroe Islands,2022-01-04,252
Turkey,2022-02-07,163407
Mexico,2022-01-31,704797
Spain,2022-01-21,237378
Pakistan,2022-01-25,588739
Suriname,2022-01-11,390
Switzerland,2022-02-15,9623
Malta,2022-02-03,1666
Wales,2022-02-02,4637
Mali,2022-02-02,
Guatemala,2022-01-12,90587
Mali,2022-01-11,53531
Kenya,2022-01-21,65814
Europe,2022-01-31,2526267
Turkey,2022-01-18,348211
Indonesia,2022-01-08,1252137
Bulgaria,2022-02-09,6356
Papua New Guinea,2022-01-29,363
Philippines,2022-01-26,513673
Wales,2022-01-15,11733
Ukraine,2022-02-04,60040
Equatorial Guinea,2022-01-11,120
Honduras,2022-01-09,24499
Sri Lanka,2022-02-18,55170
Finland,2022-01-22,41678
Australia,2022-02-17,141889
High income,2022-01-22,5627623
British Virgin Islands,2022-01-11,18
Armenia,2022-01-11,5889
Comoros,2022-02-02,4369
Turkey,2022-01-11,554539
New Caledonia,2022-01-16,192
Germany,2022-02-03,276847
Haiti,2022-01-07,344
High income,2022-02-11,3483006
Slovenia,2022-01-07,6659
Turkey,2022-01-27,157961
North America,2022-01-17,2306097
Greenland,2022-01-19,51
Luxembourg,2022-01-28,3388
Djibouti,2022-01-13,608
South America,2022-02-17,1840051
Egypt,2022-01-27,255693
Bahrain,2022-02-04,2429
Mongolia,2022-01-04,2557
Guyana,2022-01-27,2052
Scotland,2022-02-14,6613
Guinea,2022-01-19,162951
Australia,2022-01-17,283921
Bolivia,2022-01-09,107780
Albania,2022-01-18,5471
India,2022-01-03,6582722
Somalia,2022-01-03,5028
Belarus,2022-01-07,46041
Bosnia and Herzegovina,2022-01-10,4315
Kyrgyzstan,2022-02-13,8795
Dominican Republic,2022-01-04,11252
Belize,2022-01-16,782
Turkey,2022-01-31,149005
Mali,2022-01-08,59790
Dominican Republic,2022-02-12,17764
Nepal,2022-01-11,220055
Lithuania,2022-02-15,1259
Central African Republic,2022-01-25,3908
Guatemala,2022-01-08,53012
Tonga,2022-01-18,77
Algeria,2022-02-04,16222
Kiribati,2022-01-31,330
United Arab Emirates,2022-02-15,21564
Malawi,2022-01-12,5033
United States,2022-02-13,416210
Angola,2022-01-18,134258
Bahrain,2022-01-01,8063
Bermuda,2022-02-08,182
Kosovo,2022-02-07,2320
Libya,2022-01-26,10664
Bermuda,2022-01-05,221
Canada,2022-02-13,130831
Belgium,2022-02-14,33732
Slovenia,2022-01-28,2642
Pakistan,2022-01-29,524356
United States,2022-01-18,977730
Germany,2022-01-19,575512
Ecuador,2022-01-24,75443
Malawi,2022-01-29,1140
France,2022-01-16,533325
South America,2022-01-09,1949599
Algeria,2022-01-12,19860
Sierra Leone,2022-01-31,13706
Saint Kitts and Nevis,2022-02-15,220
Zambia,2022-01-03,22930
Isle of Man,2022-02-11,71
Brunei,2022-01-23,2513
Greece,2022-01-06,62972
Taiwan,2022-01-06,46098
Slovenia,2022-01-04,3698
Europe,2022-02-02,2338363
Guyana,2022-02-09,1538
Uzbekistan,2022-01-05,63577
Aruba,2022-02-01,59
Malaysia,2022-01-12,208086
Georgia,2022-01-21,6890
Denmark,2022-01-21,28386
Romania,2022-01-07,22703
Liechtenstein,2022-01-28,36
Costa Rica,2022-02-14,21051
Africa,2022-01-13,1541074
Italy,2022-02-07,340367
Denmark,2022-02-17,2754
Bahamas,2022-01-19,434
Kiribati,2022-02-07,330
Libya,2022-02-02,11077
Wales,2022-01-09,16550
Greenland,2022-01-12,51
Cayman Islands,2022-01-31,105
Sudan,2022-01-16,8915
Somalia,2022-01-01,6736
Albania,2022-01-06,7120
Ethiopia,2022-01-07,5711
United Kingdom,2022-01-05,234415
Jamaica,2022-01-12,4686
Romania,2022-02-19,7117
Bermuda,2022-01-07,195
Barbados,2022-02-01,168
Wallis and Futuna,2022-01-11,7
Colombia,2022-02-07,231665
Saudi Arabia,2022-02-14,129475
Sweden,2022-01-29,67935
Madagascar,2022-02-02,5727
Democratic Republic of Congo,2022-01-02,7036
Northern Ireland,2022-01-11,7791
Portugal,2022-02-13,55501
Andorra,2022-01-06,865
Nigeria,2022-01-19,261549
Dominica,2022-01-18,34
Ghana,2022-01-27,84487
Greece,2022-01-31,40891
Slovenia,2022-02-07,2956
Gabon,2022-01-11,3128
Guernsey,2022-01-20,66
Bangladesh,2022-01-10,829757
Bosnia and Herzegovina,2022-01-07,4315
Wallis and Futuna,2022-01-17,6
Jamaica,2022-01-18,3849
Saint Vincent and the Grenadines,2022-01-02,80
Cyprus,2022-01-09,3483
Malaysia,2022-02-04,76273
France,2022-01-22,353951
South Africa,2022-02-01,59829
Macao,2022-01-05,1422
Peru,2022-01-18,202498
India,2022-01-04,6608642
Egypt,2022-01-22,266213
Syria,2022-01-21,3007
North Macedonia,2022-02-13,935
Honduras,2022-01-01,46110
Kosovo,2022-02-02,3411
Luxembourg,2022-01-10,6078
New Caledonia,2022-01-04,183
United Kingdom,2022-02-18,62382
Guyana,2022-01-10,2051
Poland,2022-01-15,183012
Ecuador,2022-02-11,67903
Senegal,2022-01-07,1033
France,2022-02-15,180565
Wales,2022-02-19,5142
Lebanon,2022-01-02,16569
Italy,2022-02-08,318623
Guatemala,2022-01-23,81867
Bulgaria,2022-02-05,6949
Panama,2022-01-03,18711
Uruguay,2022-01-21,19947
Laos,2022-01-15,35334
Australia,2022-01-02,80616
Finland,2022-02-12,19623
Algeria,2022-02-17,
Australia,2022-01-30,228149
Sint Maarten (Dutch part),2022-01-19,341
British Virgin Islands,2022-01-15,23
Lithuania,2022-02-02,3872
Asia,2022-01-17,20702932
Estonia,2022-01-12,4539
Brazil,2022-02-16,1078073
Honduras,2022-02-18,46776
Gambia,2022-01-11,2299
Scotland,2022-01-19,16515
Denmark,2022-01-08,57523
Yemen,2022-01-04,1926
China,2022-01-09,7379857
Malawi,2022-02-13,1329
Afghanistan,2022-01-10,16642
Guyana,2022-01-19,1870
Burundi,2022-01-05,41
Timor,2022-01-26,1461
Sri Lanka,2022-01-26,63769
Syria,2022-01-22,2829
Bulgaria,2022-01-21,13625
Iraq,2022-01-17,54587
Italy,2022-02-20,152654
Jersey,2022-02-11,93
Sierra Leone,2022-02-01,9974
Barbados,2022-02-04,153
Dominica,2022-01-24,46
Finland,2022-01-23,44483
Seychelles,2022-01-05,347
Dominica,2022-01-01,152
North America,2022-01-18,2276629
Gibraltar,2022-01-06,17
Burundi,2022-02-07,69
Portugal,2022-01-31,78757
England,2022-01-09,221128
Zambia,2022-01-29,14479
Gabon,2022-01-18,3178
India,2022-01-13,8846955
Moldova,2022-01-19,4937
Senegal,2022-01-09,2179
Egypt,2022-02-08,269158
Greenland,2022-01-23,42
Europe,2022-02-11,1659257
Algeria,2022-01-07,22589
Djibouti,2022-01-21,582
Benin,2022-01-17,16074
Senegal,2022-02-08,49274
Malawi,2022-02-20,2266
Japan,2022-02-08,622281
Moldova,2022-01-26,6385
Serbia,2022-01-12,2795
Lower middle income,2022-01-03,12656196
Denmark,2022-01-20,30899
Sierra Leone,2022-01-23,32362
Kuwait,2022-01-11,12541
Papua New Guinea,2022-01-30,253
Lithuania,2022-02-14,1297
European Union,2022-02-16,953962
Uganda,2022-01-04,136612
Guyana,2022-01-03,1183
Faeroe Islands,2022-01-16,181
Guinea-Bissau,2022-01-23,648
North America,2022-01-26,2066461
Botswana,2022-01-07,2733
Guyana,2022-01-02,1011
Ethiopia,2022-01-27,633
Dominica,2022-02-11,25
Zimbabwe,2022-02-10,9196
Qatar,2022-02-14,17213
Burkina Faso,2022-01-02,10718
Serbia,2022-01-09,758
Malawi,2022-02-18,2617
Afghanistan,2022-01-01,16935
Cuba,2022-01-09,114054
Moldova,2022-01-23,6511
Guernsey,2022-01-27,75
Sudan,2022-01-22,12090
North America,2022-01-20,2197615
Austria,2022-02-06,24260
North Macedonia,2022-01-01,1666
Guinea-Bissau,2022-02-10,9333
Libya,2022-01-27,10818
Laos,2022-02-14,42107
Anguilla,2022-02-05,29
Paraguay,2022-01-22,17240
Cook Islands,2022-01-27,6
Fiji,2022-01-09,351
Lower middle income,2022-01-25,13620142
Liechtenstein,2022-01-07,235
Guernsey,2022-01-05,1527
Egypt,2022-01-19,297903
Turkey,2022-01-29,148305
Colombia,2022-01-07,210129
Cuba,2022-02-04,50908
Taiwan,2022-01-20,525358
Saint Lucia,2022-01-13,136
Egypt,2022-01-20,287069
Nepal,2022-02-05,357844
Macao,2022-01-13,2413
Anguilla,2022-02-11,17
Japan,2022-01-13,133246
Wallis and Futuna,2022-01-12,7
Curacao,2022-01-03,1315
Iraq,2022-02-07,41896
Wales,2022-02-10,3280
Sweden,2022-01-20,73372
Eswatini,2022-01-22,3308
Taiwan,2022-01-03,74896
Romania,2022-01-13,26523
Nigeria,2022-01-14,263108
North Macedonia,2022-02-08,959
Benin,2022-01-11,16074
Jamaica,2022-02-13,2105
Africa,2022-01-09,2151130
Russia,2022-01-08,66419
Paraguay,2022-01-13,27684
Nepal,2022-01-15,226666
Philippines,2022-01-23,631560
Austria,2022-02-09,18404
Palestine,2022-01-04,3012
Pakistan,2022-02-04,1090177
Malawi,2022-01-28,1148
Singapore,2022-01-17,44080
Sudan,2022-01-23,12883
Saint Lucia,2022-01-16,138
French Polynesia,2022-01-05,319
Kenya,2022-02-12,233067
Czechia,2022-02-14,12393
Norway,2022-01-20,44630
Gibraltar,2022-02-08,88
Angola,2022-01-03,42414
Turks and Caicos Islands,2022-01-06,122
Niger,2022-01-16,3512
Zambia,2022-01-16,33089
Ecuador,2022-02-10,66157
England,2022-01-01,225087
Sweden,2022-01-16,67332
Grenada,2022-02-18,51
Bahamas,2022-02-03,316
Malaysia,2022-02-06,71248
Maldives,2022-01-15,839
Kiribati,2022-01-17,428
France,2022-01-24,329099
Nicaragua,2022-02-01,32391
New Zealand,2022-01-14,40870
Bhutan,2022-02-02,4203
Northern Ireland,2022-01-12,7409
Iran,2022-01-15,554006
Somalia,2022-01-11,5028
Croatia,2022-02-13,3865
Georgia,2022-01-28,6976
Ghana,2022-01-10,59476
Kyrgyzstan,2022-01-31,10169
Luxembourg,2022-01-12,6370
Zimbabwe,2022-02-13,8749
Cuba,2022-01-28,85586
Saint Vincent and the Grenadines,2022-02-13,124
El Salvador,2022-02-11,8734
Bahamas,2022-01-05,618
Faeroe Islands,2022-01-17,159
Mexico,2022-01-27,995625
South Sudan,2022-01-05,810
Uruguay,2022-01-28,17415
Nicaragua,2022-02-07,23713
England,2022-01-15,144365
South Korea,2022-01-09,452583
Russia,2022-01-22,304067
France,2022-02-12,189764
Sudan,2022-01-03,8915
Nepal,2022-01-31,282557
Indonesia,2022-01-12,1252137
Belarus,2022-02-05,27398
Cambodia,2022-01-28,92799
Jordan,2022-01-31,15261
Iceland,2022-02-03,2223
Poland,2022-02-04,98699
South Korea,2022-02-08,217237
Venezuela,2022-01-30,155884
Lithuania,2022-01-19,8826
Montserrat,2022-02-04,5
Ghana,2022-02-06,84487
European Union,2022-01-16,3138242
Cook Islands,2022-01-22,5
Ecuador,2022-01-01,51696
South America,2022-02-11,2177765
Hong Kong,2022-01-17,39370
Belize,2022-01-26,754
Saint Kitts and Nevis,2022-01-29,41
Lithuania,2022-02-10,1610
Timor,2022-01-15,1175
Andorra,2022-01-20,760
Comoros,2022-01-21,609
Bangladesh,2022-02-13,957674
Malta,2022-01-03,6186
China,2022-01-13,6243571
Costa Rica,2022-01-30,12833
Cyprus,2022-02-08,4653
United States,2022-01-06,942356
Sint Maarten (Dutch part),2022-01-11,516
Slovenia,2022-02-02,2916
South Sudan,2022-02-17,
Costa Rica,2022-02-02,13850
Libya,2022-01-13,18788
Taiwan,2022-01-30,263755
Sri Lanka,2022-02-09,107506
South Africa,2022-01-10,70376
Fiji,2022-01-15,234
Croatia,2022-01-12,15633
Lebanon,2022-02-19,10256
Costa Rica,2022-01-19,16316
Guernsey,2022-02-11,89
Syria,2022-01-18,3543
Ukraine,2022-01-23,68531
Romania,2022-01-23,14825
Wales,2022-01-28,5944
Senegal,2022-01-31,4472
Hong Kong,2022-01-06,30937
Saint Vincent and the Grenadines,2022-02-11,192
Saint Vincent and the Grenadines,2022-01-08,82
United Kingdom,2022-02-19,58346
Madagascar,2022-02-03,5727
Luxembourg,2022-02-02,2749
Guinea-Bissau,2022-02-12,9511
Bangladesh,2022-01-04,829757
Sao Tome and Principe,2022-01-06,384
Chad,2022-01-16,2544
England,2022-01-25,90675
Sint Maarten (Dutch part),2022-01-26,83
Gibraltar,2022-01-09,36
North America,2022-02-09,1274751
Indonesia,2022-01-05,1395691
Saint Vincent and the Grenadines,2022-02-02,193
Oceania,2022-02-04,236843
Trinidad and Tobago,2022-01-25,1883
Somalia,2022-02-09,2634
Russia,2022-02-09,266485
Burkina Faso,2022-01-03,10718
Latvia,2022-01-07,9109
Germany,2022-01-13,645832
China,2022-01-04,9692143
South Korea,2022-01-15,414164
Afghanistan,2022-01-06,17604
Faeroe Islands,2022-01-07,347
Turkey,2022-01-15,439127
Lebanon,2022-01-06,11633
Lower middle income,2022-01-09,14687109
Israel,2022-01-22,23003
Mozambique,2022-01-23,142755
Sri Lanka,2022-02-02,91930
Bangladesh,2022-01-25,921334
Latvia,2022-02-18,1812
Maldives,2022-01-13,535
Kiribati,2022-01-23,330
Vietnam,2022-02-06,202490
Low income,2022-01-16,455067
Guernsey,2022-01-06,1306
El Salvador,2022-02-03,7157
Laos,2022-01-14,35334
Lithuania,2022-02-11,1407
Guinea-Bissau,2022-01-16,140
Dominican Republic,2022-01-19,22008
Eswatini,2022-01-10,1979
Gabon,2022-01-08,3128
Bhutan,2022-01-26,21486
Sint Maarten (Dutch part),2022-02-09,59
Curacao,2022-01-23,425
Nigeria,2022-01-05,138965
Chile,2022-01-09,113270
Togo,2022-01-03,4981
Haiti,2022-01-04,527
Kosovo,2022-02-14,1175
Libya,2022-01-16,12379
Iran,2022-02-16,268840
Liechtenstein,2022-01-04,156
Gibraltar,2022-02-14,65
Thailand,2022-01-26,414227
World,2022-01-10,36970856
Saudi Arabia,2022-01-31,223453
Montserrat,2022-01-19,39
South Korea,2022-02-13,197958
Zimbabwe,2022-01-14,14013
Aruba,2022-01-08,59
Cyprus,2022-01-11,4140
Japan,2022-01-04,139729
Malawi,2022-01-26,1287
Dominican Republic,2022-01-14,17732
Guinea-Bissau,2022-01-08,62
Ethiopia,2022-01-10,1513
Croatia,2022-01-27,8453
New Zealand,2022-01-08,27107
Zambia,2022-02-12,15932
Madagascar,2022-01-12,5727
Tonga,2022-01-03,436
Kosovo,2022-01-05,1487
Syria,2022-01-13,4079
Russia,2022-02-02,282301
South Sudan,2022-01-17,1743
Sint Maarten (Dutch part),2022-02-01,63
Romania,2022-02-04,15943
Upper middle income,2022-01-26,8792432
Philippines,2022-02-05,355789
Turks and Caicos Islands,2022-02-10,17
Vietnam,2022-02-10,457638
Mexico,2022-02-14,427489
Laos,2022-02-13,48048
Central African Republic,2022-02-04,6515
Barbados,2022-02-03,148
World,2022-01-15,35608574
Suriname,2022-01-07,318
Norway,2022-02-15,7923
Bermuda,2022-02-14,145
Bulgaria,2022-01-16,21478
Fiji,2022-01-08,358
Indonesia,2022-01-15,1252137
Bulgaria,2022-01-02,7064
Luxembourg,2022-01-08,5998
British Virgin Islands,2022-02-10,1
Netherlands,2022-02-05,31908
Zimbabwe,2022-02-04,10237
Isle of Man,2022-02-05,122
Scotland,2022-02-02,7981
Germany,2022-02-10,209420
Czechia,2022-01-29,32789
Bosnia and Herzegovina,2022-01-04,4315
Cuba,2022-01-21,135620
Asia,2022-02-06,11639446
Greenland,2022-02-13,12
Eswatini,2022-01-07,1907
Gambia,2022-01-12,2299
Algeria,2022-01-10,21679
Luxembourg,2022-01-30,3167
Italy,2022-01-01,429853
Spain,2022-01-05,194965
Saint Vincent and the Grenadines,2022-01-21,82
Sint Maarten (Dutch part),2022-01-15,782
Norway,2022-01-06,43111
Namibia,2022-02-03,846
Upper middle income,2022-01-03,13396005
Chile,2022-01-29,60370
Syria,2022-01-28,2829
Ethiopia,2022-01-18,1157
Guernsey,2022-01-26,77
South America,2022-01-18,2605840
Romania,2022-02-11,10791
Cape Verde,2022-02-17,
North Macedonia,2022-02-07,964
Greenland,2022-01-27,21
North America,2022-01-30,1899208
Sint Maarten (Dutch part),2022-01-29,67
Europe,2022-02-14,1497293
Burkina Faso,2022-01-07,9295
North Macedonia,2022-01-13,1615
Botswana,2022-01-29,2733
Iceland,2022-01-27,1793
Wales,2022-02-16,6132
Kosovo,2022-01-22,4127
Cambodia,2022-02-10,45859
Russia,2022-02-10,285300
Sint Maarten (Dutch part),2022-01-20,230
Yemen,2022-01-31,2532
Fiji,2022-01-17,182
Denmark,2022-02-04,6694
Angola,2022-01-16,114241
Northern Ireland,2022-01-01,6772
European Union,2022-01-18,2963268
Honduras,2022-01-27,25497
European Union,2022-01-09,3151391
Colombia,2022-02-15,220320
Romania,2022-01-04,16643
Nepal,2022-02-06,372902
South Africa,2022-01-02,24664
Bangladesh,2022-01-08,829757
Bahrain,2022-01-23,3335
Ethiopia,2022-02-09,65
Aruba,2022-01-10,67
Zimbabwe,2022-01-09,12119
North Macedonia,2022-01-17,1545
Bulgaria,2022-02-08,6500
Afghanistan,2022-01-26,10021
Europe,2022-02-06,1896291
Chad,2022-01-19,1980
Liechtenstein,2022-01-23,213
Guinea-Bissau,2022-01-28,686
Lithuania,2022-01-14,11744
Yemen,2022-01-02,1926
Canada,2022-01-17,366809
Malawi,2022-01-23,1514
Niger,2022-01-04,18757
Fiji,2022-02-08,242
Czechia,2022-01-20,49821
Afghanistan,2022-01-22,8475
Mongolia,2022-01-21,5175
Chile,2022-02-06,50240
Tunisia,2022-01-26,17309
Algeria,2022-01-26,16222
Netherlands,2022-01-12,209689
Northern Ireland,2022-02-06,2151
Lithuania,2022-01-01,12895
Qatar,2022-01-06,10731
Kiribati,2022-01-28,330
Cote d'Ivoire,2022-01-01,119128
Ireland,2022-01-08,31599
Libya,2022-02-07,9809
French Polynesia,2022-02-07,217
Netherlands,2022-01-31,38922
Guyana,2022-02-16,1060
Jersey,2022-02-13,86
Low income,2022-01-26,711908
Croatia,2022-01-29,7123
Libya,2022-02-04,10799
Suriname,2022-02-09,144
France,2022-02-09,202986
Uruguay,2022-01-27,17627
Ireland,2022-01-19,21612
Gabon,2022-01-05,3128
Wallis and Futuna,2022-01-05,7
Aruba,2022-01-09,63
Sao Tome and Principe,2022-01-07,384
Uganda,2022-01-31,38994
North America,2022-02-12,1225084
Faeroe Islands,2022-01-15,223
Peru,2022-02-09,107774
Guinea-Bissau,2022-02-07,7218
Uganda,2022-01-16,29841
Curacao,2022-02-20,139
European Union,2022-02-03,1636127
Bhutan,2022-01-13,157
Uzbekistan,2022-01-14,85370
Chad,2022-02-04,1252
Isle of Man,2022-01-12,438
China,2022-02-16,5820714
Slovakia,2022-01-31,6617
Bulgaria,2022-01-14,22533
Dominican Republic,2022-02-09,20882
Luxembourg,2022-01-03,4463
Australia,2022-01-12,251371
Portugal,2022-02-10,62863
Norway,2022-01-07,49595
Suriname,2022-02-02,277
Ethiopia,2022-02-05,226
Timor,2022-01-31,823
Bulgaria,2022-02-14,5385
Asia,2022-01-06,21865914
Tajikistan,2022-01-28,40464
Luxembourg,2022-02-03,2606
Bolivia,2022-01-18,71776
Syria,2022-02-11,2829
Panama,2022-02-16,13285
Serbia,2022-01-02,10434
Europe,2022-01-09,3754646
Uganda,2022-01-11,62443
Cambodia,2022-01-21,133344
India,2022-01-22,7349937
Brazil,2022-02-19,1057782
Malawi,2022-02-07,1154
Macao,2022-02-10,1530
Turkey,2022-01-26,166396
Liechtenstein,2022-01-31,78
San Marino,2022-01-28,264
Kyrgyzstan,2022-02-11,8189
Denmark,2022-01-19,33752
Curacao,2022-02-07,214
World,2022-01-17,31278398
Guyana,2022-01-01,839
Malta,2022-02-13,1236
Bermuda,2022-02-10,184
Tonga,2022-01-14,145
Chad,2022-01-18,2168
Hong Kong,2022-01-02,17404
Saint Lucia,2022-01-25,82
Grenada,2022-01-01,175
Guatemala,2022-01-29,56563
Trinidad and Tobago,2022-01-29,1862
Canada,2022-02-06,175547
Estonia,2022-01-14,4605
Chile,2022-01-11,102380
Ukraine,2022-02-20,52926
Guatemala,2022-01-01,24766
Finland,2022-02-17,9936
Senegal,2022-02-05,26873
Bahamas,2022-01-27,417
Estonia,2022-02-15,1173
Argentina,2022-01-21,369693
Isle of Man,2022-01-05,340
Barbados,2022-01-16,291
Dominica,2022-01-22,46
Pakistan,2022-01-04,917625
Uzbekistan,2022-01-09,83205
Malaysia,2022-01-26,196924
Guatemala,2022-01-31,58221
Slovakia,2022-01-16,18589
Uzbekistan,2022-01-01,115234
Brazil,2022-01-10,678443
Saint Lucia,2022-02-09,73
Gibraltar,2022-01-18,131
Spain,2022-01-07,181264
Bhutan,2022-01-30,5024
Greece,2022-01-07,63444
Gibraltar,2022-01-19,126
Norway,2022-02-06,15582
Kazakhstan,2022-01-16,14857
Egypt,2022-01-07,386968
Cyprus,2022-01-13,5205
Vietnam,2022-02-09,352956
Moldova,2022-02-05,5380
Somalia,2022-01-27,1578
Iceland,2022-02-13,860
Sierra Leone,2022-01-28,24900
Sri Lanka,2022-02-04,115850
Kyrgyzstan,2022-01-07,4240
Russia,2022-01-28,317609
Montserrat,2022-01-09,18
El Salvador,2022-01-18,15221
Liechtenstein,2022-01-27,85
Lithuania,2022-01-24,6768
Georgia,2022-02-13,3204
Denmark,2022-01-06,45413
South Sudan,2022-01-04,810
Belize,2022-02-12,458
Zambia,2022-01-02,22489
Sao Tome and Principe,2022-01-13,384
Nepal,2022-02-01,297614
Saudi Arabia,2022-02-06,221131
Moldova,2022-01-16,5755
Serbia,2022-01-01,11564
Papua New Guinea,2022-01-13,505
Montenegro,2022-02-03,392
Solomon Islands,2022-01-13,760
Gabon,2022-01-14,3128
Egypt,2022-02-06,308380
Central African Republic,2022-01-26,4211
Iraq,2022-02-11,40689
Nepal,2022-01-03,219116
Ecuador,2022-01-30,57249
Sweden,2022-01-04,24977
Samoa,2022-02-06,401
Guyana,2022-01-18,1906
Laos,2022-02-07,48048
Bermuda,2022-02-02,284
Greenland,2022-01-02,7
Spain,2022-01-25,232107
Czechia,2022-01-24,40301
Qatar,2022-01-14,18480
New Zealand,2022-02-20,40789
South Africa,2022-01-31,61721
Kazakhstan,2022-02-10,16638
Argentina,2022-01-06,315488
Liechtenstein,2022-02-05,100
Kiribati,2022-01-25,330
Sri Lanka,2022-01-23,64861
Kenya,2022-01-12,74485
Iraq,2022-01-04,35970
Laos,2022-01-06,35334
New Zealand,2022-01-09,28490
South Korea,2022-01-27,302904
Chile,2022-02-10,60579
Trinidad and Tobago,2022-02-14,1391
Albania,2022-01-14,6879
Vietnam,2022-01-27,1011060
Ghana,2022-01-14,87110
Czechia,2022-01-21,45407
Iran,2022-01-20,388159
Sweden,2022-01-02,21545
South Africa,2022-02-02,57938
India,2022-01-28,5097284
Chad,2022-01-14,2544
Eswatini,2022-01-08,2103
Romania,2022-01-17,20087
Libya,2022-02-03,10938
Russia,2022-01-13,408373
Israel,2022-02-17,4346
Comoros,2022-01-18,609
Kosovo,2022-01-14,2955
South Africa,2022-02-14,116231
Egypt,2022-01-01,424464
Sri Lanka,2022-02-05,126474
Ukraine,2022-01-16,78862
Cameroon,2022-01-11,254
Russia,2022-01-21,221956
Japan,2022-02-04,432529
Gabon,2022-01-19,3202
Guatemala,2022-01-25,71692
Norway,2022-01-24,38010
French Polynesia,2022-02-13,209
Cote d'Ivoire,2022-01-07,32293
Mauritania,2022-02-17,
Barbados,2022-02-06,139
Kosovo,2022-01-15,3213
Singapore,2022-01-27,33963
Qatar,2022-02-03,24921
Finland,2022-01-06,46748
Armenia,2022-02-08,4551
Kazakhstan,2022-02-07,16123
Saint Kitts and Nevis,2022-01-01,75
Paraguay,2022-01-09,28088
Asia,2022-01-08,21285294
Paraguay,2022-01-17,23690
Sweden,2022-01-03,23261
Saint Lucia,2022-02-08,69
Equatorial Guinea,2022-01-01,49
Oceania,2022-02-09,253799
Nicaragua,2022-01-02,27001
Uganda,2022-01-22,29203
Timor,2022-01-25,1588
New Zealand,2022-02-12,52220
Namibia,2022-01-24,10172
North Macedonia,2022-01-02,1615
Slovakia,2022-01-05,25782
World,2022-01-30,23382612
Belize,2022-01-10,546
Finland,2022-02-15,11205
Samoa,2022-01-30,382
Ireland,2022-01-31,8887
Dominica,2022-01-14,42
Bangladesh,2022-01-13,1236397
South Korea,2022-01-03,502043
South Sudan,2022-01-08,810
Portugal,2022-01-03,58614
Sudan,2022-01-29,93528
Mongolia,2022-01-29,2230
Azerbaijan,2022-02-17,52993
Chad,2022-01-26,1229
Low income,2022-02-08,552638
Latvia,2022-02-12,2845
Saint Kitts and Nevis,2022-01-25,36
Dominican Republic,2022-01-28,30470
Croatia,2022-01-26,9271
Indonesia,2022-02-07,1252137
Cape Verde,2022-01-11,2061
Afghanistan,2022-02-05,12573
Philippines,2022-01-05,424239
Hong Kong,2022-02-03,24336
Romania,2022-01-06,19212
Croatia,2022-01-05,11815
South America,2022-01-23,2414539
Tonga,2022-01-10,231
Costa Rica,2022-01-06,18448
Dominican Republic,2022-01-20,22499
Slovakia,2022-01-11,22927
Mexico,2022-01-25,721097
United Kingdom,2022-01-18,150437
Iceland,2022-01-01,421
Russia,2022-02-17,537979
Tanzania,2022-01-06,33124
Australia,2022-02-18,135124
England,2022-01-08,217699
French Polynesia,2022-02-14,208
Gabon,2022-01-02,3128
Haiti,2022-01-05,529
Namibia,2022-02-05,846
Sweden,2022-02-16,32810
Upper middle income,2022-01-27,9269808
Somalia,2022-01-18,4042
Albania,2022-02-03,16309
Guatemala,2022-01-03,22141
Sao Tome and Principe,2022-01-10,384
Guyana,2022-01-12,2051
Kyrgyzstan,2022-01-04,4168
Kenya,2022-01-06,67328
Liberia,2022-02-02,1580
Australia,2022-02-05,215889
Costa Rica,2022-02-11,18329
Chile,2022-01-22,71872
El Salvador,2022-01-05,7702
Italy,2022-02-19,158970
Japan,2022-01-30,276177
Isle of Man,2022-01-10,541
Sri Lanka,2022-02-10,94209
Lebanon,2022-01-30,13751
Philippines,2022-01-04,401730
Seychelles,2022-01-01,204
New Zealand,2022-01-26,57650
Scotland,2022-01-06,15943
Trinidad and Tobago,2022-01-16,2750
Haiti,2022-01-16,251
South Korea,2022-02-06,154566
Kenya,2022-01-24,61201
Luxembourg,2022-01-27,3865
Hungary,2022-02-09,10536
Africa,2022-02-14,1236590
Saint Lucia,2022-01-05,87
Cote d'Ivoire,2022-01-25,12121
Netherlands,2022-02-15,13434
Bolivia,2022-01-15,70450
Senegal,2022-01-29,4472
South America,2022-01-29,2822245
Dominican Republic,2022-02-08,23947
El Salvador,2022-01-23,11761
Isle of Man,2022-01-27,124
Vietnam,2022-02-15,580104
Lower middle income,2022-02-01,9655360
Pakistan,2022-01-13,667731
Wallis and Futuna,2022-01-07,7
Uzbekistan,2022-01-18,24142
Nigeria,2022-01-06,144461
Afghanistan,2022-01-25,9368
Egypt,2022-01-03,424464
World,2022-02-09,20287917
Paraguay,2022-01-29,12182
Guernsey,2022-02-02,65
Cote d'Ivoire,2022-01-08,19882
Egypt,2022-01-28,251646
Curacao,2022-01-17,613
Namibia,2022-01-28,16331
South Sudan,2022-01-07,810
Ghana,2022-01-31,84487
Northern Ireland,2022-01-10,7871
Moldova,2022-02-03,5345
Ghana,2022-02-17,
Thailand,2022-02-05,257975
European Union,2022-01-17,3056810
Morocco,2022-01-28,43313
Sint Maarten (Dutch part),2022-01-06,15
Portugal,2022-01-28,83296
Argentina,2022-01-03,350473
World,2022-02-04,18833308
Africa,2022-01-04,1760546
Mozambique,2022-01-02,90954
Burundi,2022-02-08,70
Brazil,2022-01-02,351262
Ukraine,2022-02-09,58741
Faeroe Islands,2022-01-09,402
South America,2022-01-02,1290137
Croatia,2022-02-14,3700
Mexico,2022-01-30,723325
Palestine,2022-01-01,4904
Antigua and Barbuda,2022-01-04,42
Zimbabwe,2022-01-17,13689
South Korea,2022-01-17,399113
Sierra Leone,2022-02-05,6243
Russia,2022-01-01,433021
Ecuador,2022-01-09,90954
Guinea-Bissau,2022-01-02,132
Kuwait,2022-01-28,12528
Portugal,2022-02-18,48520
Tunisia,2022-01-20,20541
Ethiopia,2022-01-28,507
Nepal,2022-01-24,212388
Montenegro,2022-02-04,428
Poland,2022-01-20,169074
Yemen,2022-02-07,2060
Germany,2022-01-24,481849
Panama,2022-02-12,14149
Solomon Islands,2022-01-04,680
Mauritania,2022-01-22,5703
Turkey,2022-02-08,161766
Azerbaijan,2022-01-23,20251
Mozambique,2022-01-18,226094
Argentina,2022-02-04,337101
Gibraltar,2022-01-17,132
Benin,2022-01-22,15395
Macao,2022-01-03,1418
Europe,2022-01-02,3201370
Finland,2022-01-03,38449
Andorra,2022-01-23,682
Kenya,2022-02-15,235247
Zimbabwe,2022-02-19,9628
North America,2022-02-14,1113529
Ireland,2022-01-05,29620
Armenia,2022-01-03,4803
Tunisia,2022-02-18,7453
Kenya,2022-01-30,80780
Saint Lucia,2022-01-28,68
Samoa,2022-01-16,117
World,2022-02-18,23676955
Brazil,2022-01-29,1202899
Uganda,2022-01-15,30479
Curacao,2022-02-02,246
South Korea,2022-02-01,231085
Azerbaijan,2022-01-24,20251
Nigeria,2022-01-29,179582
Greece,2022-01-16,76902
Paraguay,2022-01-06,28290
Cote d'Ivoire,2022-01-27,12121
Northern Ireland,2022-02-05,2071
Fiji,2022-01-01,384
British Virgin Islands,2022-01-02,11
Trinidad and Tobago,2022-02-12,1520
Oceania,2022-01-13,305891
Algeria,2022-01-31,16222
Portugal,2022-01-18,81930
Hong Kong,2022-02-02,27714
Northern Ireland,2022-01-28,2645

